TIMESTAMP,PTemp_C_Avg,VBatt_Avg,VBatt_Max,IBatt_Avg,IBatt_Max,ILoad_Avg,ILoad_Max,V_in_chg_Avg,V_in_chg_Max,I_in_chg_Avg,I_in_chg_Max
07/06/2023 07:00:00,26.16,12.89,12.93,0.02903298,0.101,0.2679617,0.4218,16.48,18.37,0.261,0.313
07/06/2023 06:00:00,25.78,12.77,12.85,-0.08922339,0.0542,0.2717479,0.4269,16,17.63,0.164,0.291
07/06/2023 05:00:00,25.65,12.69,12.74,-0.2598787,-0.143,0.2716617,0.4286,17.93,19.54,0.011,0.137
07/06/2023 04:00:00,25.57,12.68,12.69,-0.2757202,-0.257,0.2775404,0.43,5.044,17.74,0,0.007
07/06/2023 03:00:00,25.43,12.69,12.71,-0.2796159,-0.2629,0.2812872,0.4342,0.062,0.341,0,0
07/06/2023 02:00:00,25.37,12.72,12.74,-0.2779692,-0.2669,0.2796181,0.4334,0.054,0.055,0,0
07/06/2023 01:00:00,25.41,12.74,12.75,-0.2726532,-0.2551,0.274316,0.4303,0.052,0.054,0,0
07/06/2023 00:00:00,25.42,12.76,12.78,-0.2742575,-0.2638,0.2759,0.4307,0.051,0.052,0,0
06/06/2023 23:00:00,25.47,12.79,12.87,-0.2659245,-0.1389,0.2675702,0.4308,0.05,0.052,0,0
06/06/2023 22:00:00,25.62,12.81,12.82,-0.2722223,-0.2597,0.2738542,0.4288,0.051,0.053,0,0
06/06/2023 21:00:00,26,12.83,12.85,-0.2709627,-0.2584,0.2725234,0.425,0.206,1.007,0,0
06/06/2023 20:00:00,26.86,12.87,12.88,-0.2725223,-0.2616,0.2741085,0.4287,0.214,0.907,0,0
06/06/2023 19:00:00,28.47,12.91,12.95,-0.2604532,-0.2031,0.2727862,0.4278,11.08,17.75,0.013,0.073
06/06/2023 18:00:00,30.59,13.39,13.51,-0.01387979,0.0277,0.2623255,0.4231,18.14,20.37,0.207,0.301
06/06/2023 17:00:00,31.96,13.47,13.47,0.02046383,0.0211,0.2624702,0.4158,21.3,21.6,0.201,0.322
06/06/2023 16:00:00,31.91,13.47,13.47,0.02194255,0.0228,0.2612181,0.4114,21.44,21.51,0.2,0.312
06/06/2023 15:00:00,31.58,13.51,13.51,0.0260383,0.0277,0.2571627,0.4153,21.5,21.55,0.2,0.313
06/06/2023 14:00:00,31.02,13.51,13.51,0.03123936,0.034,0.2619096,0.4143,21.44,21.51,0.208,0.315
06/06/2023 13:00:00,30.24,13.51,13.51,0.04283723,0.0501,0.2623149,0.4159,21.17,21.39,0.219,0.324
06/06/2023 12:00:00,29.73,13.5,13.51,0.06447873,0.0763,0.262084,0.4151,20.78,21.02,0.239,0.345
06/06/2023 11:00:00,29.91,13.5,13.5,0.09500212,0.1063,0.2618149,0.4217,20.42,20.63,0.265,0.376
06/06/2023 10:00:00,30.1,13.5,14.44,0.09145956,0.3386,0.2624542,0.4154,20.31,22.08,0.268,0.544
06/06/2023 09:00:00,29.63,14.4,14.46,0.5333851,0.7547,0.2514043,0.4005,18.98,19.94,0.672,0.932
06/06/2023 08:00:00,28.63,14.17,14.43,0.8982457,1.0747,0.2494596,0.4018,17.66,19.02,1.039,1.222
06/06/2023 07:00:00,27.2,13.82,14.12,0.7677329,1.3504,0.2549106,0.4079,17.44,19.18,0.912,1.392
06/06/2023 06:00:00,25.35,13.72,13.92,0.7839265,1.1246,0.2565904,0.4102,17.64,19.23,0.91,1.211
06/06/2023 05:00:00,24.62,12.91,13.76,0.04711276,1.001,0.2696383,0.4121,16.35,18.81,0.275,1.064
06/06/2023 04:00:00,24.62,12.69,12.73,-0.2772564,-0.1797,0.2829021,0.4312,9.8,18.86,0.005,0.088
06/06/2023 03:00:00,24.59,12.7,12.71,-0.2758936,-0.2649,0.2775755,0.4333,0.103,1.17,0,0
06/06/2023 02:00:00,24.64,12.73,12.74,-0.2783213,-0.2687,0.2799862,0.4348,0.093,0.111,0,0
06/06/2023 01:00:00,24.64,12.75,12.76,-0.2738574,-0.257,0.2755245,0.4331,0.083,0.107,0,0
06/06/2023 00:00:00,24.71,12.77,12.78,-0.2755043,-0.2629,0.2771606,0.4307,0.063,0.072,0,0
05/06/2023 23:00:00,24.93,12.79,12.81,-0.2729723,-0.2517,0.2746128,0.4314,0.06,0.066,0,0
05/06/2023 22:00:00,25.42,12.83,12.84,-0.2649298,-0.2545,0.2665447,0.4259,0.058,0.063,0,0
05/06/2023 21:00:00,26.43,12.86,12.87,-0.2636691,-0.252,0.2652011,0.4196,0.054,0.059,0,0
05/06/2023 20:00:00,28.24,12.89,12.9,-0.2655372,-0.2549,0.2670255,0.421,0.405,1.444,0,0
05/06/2023 19:00:00,30.77,12.99,13.51,-0.2279074,0.0244,0.267,0.422,13.25,19.54,0.038,0.29
05/06/2023 18:00:00,32.39,13.47,13.51,0.02208617,0.1064,0.2572521,0.4143,21,21.27,0.202,0.387
05/06/2023 17:00:00,33.1,13.47,13.47,0.0218617,0.0227,0.2536266,0.4074,21.34,21.62,0.195,0.309
05/06/2023 16:00:00,33.14,13.47,13.47,0.02406064,0.0253,0.2593702,0.411,21.38,21.46,0.201,0.31
05/06/2023 15:00:00,32.42,13.51,13.51,0.02832872,0.03,0.2579394,0.4101,21.46,21.52,0.202,0.311
05/06/2023 14:00:00,31.64,13.51,13.51,0.03339043,0.0367,0.2585011,0.4107,21.52,21.6,0.206,0.314
05/06/2023 13:00:00,31.24,13.51,13.51,0.04516596,0.0525,0.2597415,0.4088,21.31,21.51,0.217,0.318
05/06/2023 12:00:00,31.08,13.51,13.51,0.06610107,0.0769,0.2598032,0.4136,20.85,21.24,0.237,0.341
05/06/2023 11:00:00,30.67,13.5,13.51,0.09526914,0.106,0.2587468,0.4095,20.4,20.66,0.263,0.375
05/06/2023 10:00:00,30.11,13.7,14.47,0.1411404,0.3693,0.2562011,0.4145,19.87,21.57,0.316,0.633
05/06/2023 09:00:00,29.53,14.26,14.46,0.5410298,0.6847,0.2433755,0.4031,18.15,19.84,0.696,0.84
05/06/2023 08:00:00,28.19,14.07,14.21,0.7648733,0.9297,0.2491947,0.3999,17.51,19.84,0.92,1.101
05/06/2023 07:00:00,25.87,13.88,14.02,0.8117723,1.0143,0.2540574,0.4077,17.41,19.75,0.958,1.121
05/06/2023 06:00:00,24.34,13.6,13.85,0.5674138,1.0141,0.2606617,0.4109,17.75,21.09,0.717,1.182
05/06/2023 05:00:00,23.76,13.18,13.66,0.2971096,0.8191,0.2689915,0.4166,17.64,20.47,0.473,0.9
05/06/2023 04:00:00,24.04,12.7,12.8,-0.2632489,-0.0121,0.2747,0.4289,9.26,19.41,0.009,0.215
05/06/2023 03:00:00,24.16,12.72,12.73,-0.2754638,-0.263,0.277134,0.4322,0.173,1.117,0,0
05/06/2023 02:00:00,24.19,12.74,12.75,-0.2749904,-0.2629,0.2766702,0.4311,0.153,0.18,0,0
05/06/2023 01:00:00,24.25,12.76,12.77,-0.2726245,-0.2555,0.2743276,0.4308,0.144,0.17,0,0
05/06/2023 00:00:00,24.34,12.78,12.79,-0.273717,-0.263,0.2753702,0.4288,0.098,0.165,0,0
04/06/2023 23:00:00,24.55,12.81,12.82,-0.2659989,-0.2495,0.267633,0.4273,0.11,0.132,0,0
04/06/2023 22:00:00,24.99,12.84,12.85,-0.2612042,-0.2492,0.2628032,0.416,0.094,0.102,0,0
04/06/2023 21:00:00,25.85,12.86,12.88,-0.2623957,-0.2521,0.2639489,0.4176,0.074,0.087,0,0
04/06/2023 20:00:00,27.3,12.89,12.91,-0.2618766,-0.2504,0.2634011,0.4179,0.412,1.428,0,0
04/06/2023 19:00:00,28.8,12.95,13.07,-0.2417266,-0.1685,0.2634074,0.4163,12.65,17.59,0.023,0.105
04/06/2023 18:00:00,28.78,13.52,13.54,0.01881277,0.0263,0.2533404,0.4076,20.79,21.7,0.199,0.321
04/06/2023 17:00:00,29.44,13.54,13.54,0.03099575,0.1526,0.2532234,0.4063,20.27,22.3,0.214,0.349
04/06/2023 16:00:00,30.5,13.5,13.51,0.03360106,0.1717,0.2537628,0.4093,20.12,21.74,0.218,0.381
04/06/2023 15:00:00,30.52,13.51,13.51,0.03526702,0.0377,0.2536032,0.4067,21.63,22.02,0.203,0.312
04/06/2023 14:00:00,30.52,13.54,13.54,0.04454574,0.0494,0.252801,0.4057,21.51,21.67,0.21,0.325
04/06/2023 13:00:00,29.71,13.54,13.54,0.05864255,0.0654,0.2532266,0.4047,21.25,21.5,0.223,0.328
04/06/2023 12:00:00,28.99,13.54,13.54,0.07780319,0.0872,0.2536638,0.4069,20.75,21.07,0.243,0.35
04/06/2023 11:00:00,28.85,13.54,13.54,0.1053489,0.1196,0.2478979,0.4065,20.4,20.6,0.264,0.377
04/06/2023 10:00:00,29.06,13.5,13.54,0.117967,0.1255,0.2624032,0.4141,20.22,20.45,0.286,0.429
04/06/2023 09:00:00,28.99,14.05,14.47,0.2919787,0.5471,0.2539266,0.4148,19.81,21.87,0.447,0.666
04/06/2023 08:00:00,28.26,14.35,14.47,0.8235808,0.9325,0.2481468,0.4003,18.02,19.43,0.963,1.067
04/06/2023 07:00:00,26.73,14.03,14.18,0.9454223,1.0396,0.2525425,0.4055,17.69,19.55,1.07,1.172
04/06/2023 06:00:00,24.93,13.84,13.96,0.9921511,1.0693,0.2557915,0.4083,17.88,18.54,1.089,1.173
04/06/2023 05:00:00,24.03,13.1,13.68,0.2215245,0.9201,0.2688755,0.4164,17.07,19.95,0.413,0.985
04/06/2023 04:00:00,24.1,12.71,12.72,-0.2736255,-0.2218,0.276284,0.431,7.989,20.74,0.001,0.055
04/06/2023 03:00:00,24.4,12.73,12.74,-0.2747468,-0.2638,0.2764755,0.4308,0.191,0.473,0,0
04/06/2023 02:00:00,24.53,12.75,12.75,-0.2739277,-0.2636,0.2756734,0.4313,0.141,0.225,0,0
04/06/2023 01:00:00,24.51,12.76,12.77,-0.2788244,-0.2608,0.2805106,0.43,0.175,0.282,0,0
04/06/2023 00:00:00,24.56,12.78,12.79,-0.2781085,-0.264,0.2797745,0.4386,0.165,0.235,0,0
03/06/2023 23:00:00,24.74,12.8,12.82,-0.2744138,-0.2624,0.2760319,0.4315,0.168,0.204,0,0
03/06/2023 22:00:00,25.14,12.83,12.84,-0.2730957,-0.26,0.2746819,0.4259,0.146,0.18,0,0
03/06/2023 21:00:00,25.9,12.86,12.88,-0.2704893,-0.2597,0.272016,0.4274,0.118,0.135,0,0
03/06/2023 20:00:00,27.26,12.9,12.91,-0.2695798,-0.2589,0.2710649,0.4277,0.281,1.054,0,0
03/06/2023 19:00:00,29.13,12.98,13.17,-0.2394447,-0.0193,0.2704808,0.4254,11.91,16.94,0.03,0.223
03/06/2023 18:00:00,30.12,13.49,13.51,0.06263617,0.0755,0.2602457,0.4205,20.49,21.13,0.239,0.356
03/06/2023 17:00:00,30.38,13.5,13.51,0.08458617,0.0907,0.2613542,0.4109,20.91,21.84,0.251,0.353
03/06/2023 16:00:00,29.99,13.5,13.51,0.09775851,0.1004,0.2610766,0.4137,20.69,22.06,0.264,0.391
03/06/2023 15:00:00,28.29,14.37,14.5,0.3197298,0.4642,0.2466904,0.4125,20.91,22.17,0.441,0.559
03/06/2023 14:00:00,26.79,14.36,14.55,0.6341563,0.763,0.2478245,0.3981,19.31,20.95,0.741,0.896
03/06/2023 13:00:00,26.5,13.59,13.91,0.3249479,0.545,0.2587457,0.409,17.38,18.5,0.514,0.706
03/06/2023 12:00:00,26.74,13.44,13.53,0.1617574,0.2517,0.2632904,0.4213,16.99,18.42,0.378,0.458
03/06/2023 11:00:00,26.78,13.66,14.21,0.4679936,1.1372,0.2587798,0.4134,17.49,19.15,0.638,1.186
03/06/2023 10:00:00,27.42,13.46,13.51,0.2572915,0.3516,0.2640915,0.4168,17.23,17.85,0.458,0.565
03/06/2023 09:00:00,26.96,13.78,13.98,0.7756659,1.1773,0.2580202,0.4155,17.47,19.63,0.918,1.233
03/06/2023 08:00:00,25.84,13.55,13.99,0.5652234,1.354,0.2549064,0.4093,17.54,19.64,0.712,1.372
03/06/2023 07:00:00,24.69,13.52,13.87,0.6746585,1.2987,0.2545968,0.4112,17.6,20.06,0.804,1.337
03/06/2023 06:00:00,24.16,12.82,13.37,-0.02982979,0.8998,0.2687978,0.4246,16.44,20.07,0.209,1.193
03/06/2023 05:00:00,24.11,12.68,12.74,-0.2522894,-0.1082,0.2715894,0.4244,17.87,19.79,0.018,0.149
03/06/2023 04:00:00,24.38,12.68,12.68,-0.2728936,-0.2533,0.2748138,0.4282,4.614,18.22,0,0.015
03/06/2023 03:00:00,24.44,12.68,12.69,-0.2781245,-0.2685,0.279816,0.4321,0.054,0.221,0,0
03/06/2023 02:00:00,24.48,12.7,12.71,-0.2783457,-0.2646,0.2800415,0.4327,0.105,0.168,0,0
03/06/2023 01:00:00,24.53,12.72,12.73,-0.2744096,-0.2582,0.2761011,0.4335,0.054,0.065,0,0
03/06/2023 00:00:00,24.52,12.74,12.75,-0.2735915,-0.2581,0.275267,0.4323,0.081,0.171,0,0
02/06/2023 23:00:00,24.48,12.76,12.78,-0.2672085,-0.2534,0.2689032,0.4255,0.106,0.2,0,0
02/06/2023 22:00:00,24.5,12.79,12.8,-0.2650734,-0.2527,0.2667766,0.4206,0.068,0.113,0,0
02/06/2023 21:00:00,24.71,12.82,12.83,-0.2645032,-0.2516,0.2662117,0.4216,0.094,0.127,0,0
02/06/2023 20:00:00,25.12,12.84,12.86,-0.2641596,-0.2536,0.2658191,0.421,0.191,0.677,0,0
02/06/2023 19:00:00,25.5,12.88,12.91,-0.2577011,-0.2127,0.265651,0.4202,10.34,16.97,0.008,0.051
02/06/2023 18:00:00,25.85,12.95,13.02,-0.1962404,-0.0558,0.2649851,0.4155,14.04,17.56,0.076,0.225
02/06/2023 17:00:00,26.32,13.03,13.06,-0.1301979,-0.0888,0.2622851,0.4137,15.48,17.37,0.126,0.157
02/06/2023 16:00:00,27.36,13.14,13.22,-0.06913404,0.0069,0.2597042,0.4169,15.98,17.14,0.176,0.236
02/06/2023 15:00:00,29.06,13.52,13.54,0.04366276,0.071,0.2541074,0.4149,19.69,20.16,0.23,0.314
02/06/2023 14:00:00,30.06,13.5,13.51,0.06089681,0.0652,0.2548011,0.4077,20.88,21.49,0.23,0.382
02/06/2023 13:00:00,29.44,13.54,13.54,0.0843617,0.0925,0.2534574,0.4046,21.3,21.61,0.241,0.344
02/06/2023 12:00:00,28.24,13.54,13.54,0.1014574,0.1073,0.2573553,0.4085,21.21,21.52,0.257,0.364
02/06/2023 11:00:00,28.01,13.81,14.5,0.1539702,0.4675,0.2502159,0.407,20.76,22.03,0.308,0.603
02/06/2023 10:00:00,27.74,14.45,14.52,0.5711883,0.7193,0.2415425,0.395,19.05,20.45,0.698,0.9
02/06/2023 09:00:00,27.31,13.95,14.39,0.5847362,0.892,0.24675,0.418,17.84,19.47,0.733,1.006
02/06/2023 08:00:00,26.87,13.83,14.15,0.6372415,1.1126,0.2517585,0.4091,17.8,19.97,0.778,1.188
02/06/2023 07:00:00,26.22,13.72,14.03,0.640484,1.1847,0.2516766,0.4052,17.72,20.89,0.783,1.353
02/06/2023 06:00:00,25.02,13.69,13.99,0.8270032,1.1772,0.2556075,0.4047,17.76,20.53,0.942,1.342
02/06/2023 05:00:00,24.52,12.86,13.43,-0.02245851,0.7126,0.2708691,0.416,17.78,20.33,0.208,0.791
02/06/2023 04:00:00,24.55,12.69,12.7,-0.2724245,-0.2528,0.2745723,0.4293,6.455,19.36,0.001,0.028
02/06/2023 03:00:00,24.55,12.71,12.72,-0.2751106,-0.2622,0.2767585,0.4321,0.05,0.216,0,0
02/06/2023 02:00:00,24.56,12.73,12.74,-0.2736436,-0.258,0.2752947,0.4314,0.048,0.065,0,0
02/06/2023 01:00:00,24.67,12.75,12.76,-0.2719266,-0.2527,0.2735915,0.4286,0.074,0.106,0,0
02/06/2023 00:00:00,24.74,12.77,12.78,-0.2733872,-0.2593,0.2750446,0.4293,0.077,0.099,0,0
01/06/2023 23:00:00,24.83,12.8,12.88,-0.2653064,-0.1391,0.2669479,0.429,0.115,0.135,0,0
01/06/2023 22:00:00,25.03,12.82,12.83,-0.2666191,-0.2529,0.2682862,0.4243,0.084,0.135,0,0
01/06/2023 21:00:00,25.35,12.85,12.86,-0.2616713,-0.25,0.2632681,0.42,0.066,0.075,0,0
01/06/2023 20:00:00,25.95,12.88,12.9,-0.2611149,-0.2494,0.2626564,0.4177,0.134,0.44,0,0
01/06/2023 19:00:00,27.3,12.91,12.94,-0.2598351,-0.2326,0.2656032,0.4157,9.96,16.58,0.006,0.034
01/06/2023 18:00:00,29.58,13.1,13.25,-0.107133,0.0469,0.2651862,0.4201,15.33,17.42,0.15,0.277
01/06/2023 17:00:00,31.72,13.46,13.51,0.02316596,0.0689,0.2607606,0.4149,20.58,21.6,0.21,0.319
01/06/2023 16:00:00,32.32,13.8,14.46,0.03441702,0.4145,0.2584213,0.416,21.35,22.14,0.215,0.65
01/06/2023 15:00:00,31.7,14.5,14.5,0.06799893,0.0713,0.2428032,0.4027,21.51,21.67,0.235,0.356
01/06/2023 14:00:00,30.7,14.5,14.5,0.07694042,0.082,0.2431351,0.3959,21.41,21.75,0.244,0.36
01/06/2023 13:00:00,29.49,14.54,14.54,0.09584574,0.1056,0.2398553,0.3954,21.2,21.37,0.259,0.372
01/06/2023 12:00:00,28.73,14.54,14.54,0.1340021,0.162,0.241634,0.397,20.58,21.06,0.298,0.4
01/06/2023 11:00:00,28.7,14.5,14.54,0.2334883,0.3101,0.2398649,0.3972,20.15,20.59,0.383,0.462
01/06/2023 10:00:00,28.99,14.17,14.5,0.4085968,0.4655,0.2478628,0.4016,17.94,19.43,0.584,0.634
01/06/2023 09:00:00,28.82,14.08,14.11,0.62115,0.7632,0.247266,0.4052,17.86,18.84,0.771,0.892
01/06/2023 08:00:00,27.42,13.97,14.25,0.7360319,1.1464,0.2498734,0.4048,17.45,19.01,0.888,1.233
01/06/2023 07:00:00,25.49,13.76,14.01,0.6872893,1.0213,0.2554319,0.4087,17.43,19.75,0.84,1.171
01/06/2023 06:00:00,23.89,13.7,13.86,0.7288616,0.9542,0.2555702,0.4113,17.65,19.55,0.861,1.174
01/06/2023 05:00:00,23.17,12.96,13.6,0.09492128,0.7108,0.2706915,0.4125,17.44,20.23,0.31,0.809
01/06/2023 04:00:00,23.19,12.68,12.69,-0.2758085,-0.2488,0.2778447,0.4345,6.654,19.04,0.001,0.022
01/06/2023 03:00:00,23.27,12.7,12.72,-0.2780585,-0.2673,0.2796979,0.435,0.055,0.399,0,0
01/06/2023 02:00:00,23.53,12.73,12.74,-0.2762159,-0.2587,0.2778489,0.4352,0.053,0.068,0,0
01/06/2023 01:00:00,23.93,12.74,12.75,-0.2725309,-0.2555,0.2741681,0.4274,0.093,0.098,0,0
01/06/2023 00:00:00,24.29,12.77,12.78,-0.2730723,-0.2589,0.2746968,0.4301,0.089,0.097,0,0
31/05/2023 23:00:00,24.66,12.78,12.8,-0.2721298,-0.2582,0.2737468,0.43,0.078,0.086,0,0
31/05/2023 22:00:00,25.11,12.82,12.84,-0.2643425,-0.2454,0.2659319,0.4224,0.072,0.074,0,0
31/05/2023 21:00:00,25.77,12.86,12.87,-0.2598245,-0.251,0.2614074,0.4166,0.104,0.319,0,0
31/05/2023 20:00:00,26.72,12.89,12.9,-0.2629457,-0.2499,0.2644776,0.418,0.268,1.04,0,0
31/05/2023 19:00:00,27.77,12.93,12.98,-0.2551096,-0.1924,0.2694979,0.4212,11.79,17.91,0.015,0.083
31/05/2023 18:00:00,28.58,13.41,14.22,-0.05000957,0.0976,0.2586787,0.4215,15.76,17.95,0.2,0.319
31/05/2023 17:00:00,29.28,14.48,14.54,0.07535958,0.1111,0.2438457,0.4114,19.07,19.88,0.273,0.39
31/05/2023 16:00:00,30.32,14.52,14.54,0.08286276,0.0992,0.2428117,0.3947,19.84,20.06,0.269,0.481
31/05/2023 15:00:00,31.73,14.45,14.5,0.08640213,0.1168,0.2466798,0.4126,18.87,19.36,0.287,0.405
31/05/2023 14:00:00,31.94,14.42,14.46,0.09066595,0.1039,0.2452053,0.4135,20.61,21.47,0.265,0.417
31/05/2023 13:00:00,31.42,14.5,14.5,0.1120691,0.122,0.244834,0.3953,21.24,21.45,0.274,0.383
31/05/2023 12:00:00,31.37,14.48,14.5,0.1388745,0.153,0.2461106,0.3954,20.76,21.07,0.302,0.414
31/05/2023 11:00:00,31.77,14.44,14.46,0.1991064,0.2511,0.2462585,0.3974,20.23,20.61,0.358,0.455
31/05/2023 10:00:00,31.57,14.37,14.43,0.3997181,0.5369,0.2464074,0.3923,19.31,19.95,0.542,0.719
31/05/2023 09:00:00,30.27,14.05,14.34,0.5861734,0.6865,0.2456776,0.4111,17.5,19.18,0.752,0.838
31/05/2023 08:00:00,28.27,13.95,14.14,0.6880191,1.0109,0.2521691,0.4101,17.29,19.16,0.855,1.15
31/05/2023 07:00:00,25.86,14.01,14.1,1.05248,1.1697,0.25245,0.4052,17.65,18.45,1.166,1.286
31/05/2023 06:00:00,24.57,13.37,13.99,0.3028702,1.188,0.2586,0.4003,17.28,19.02,0.488,1.271
31/05/2023 05:00:00,23.49,13.28,13.74,0.4418,0.8907,0.2659266,0.4159,17.62,19.31,0.599,1.008
31/05/2023 04:00:00,23.31,12.68,12.7,-0.2675989,-0.1645,0.2708277,0.4368,7.684,20.61,0.002,0.122
31/05/2023 03:00:00,23.5,12.7,12.71,-0.2787659,-0.2661,0.2804468,0.4349,0.067,0.596,0,0
31/05/2023 02:00:00,23.59,12.72,12.74,-0.2785479,-0.2695,0.2802117,0.4347,0.046,0.048,0,0
31/05/2023 01:00:00,23.61,12.73,12.74,-0.2758649,-0.257,0.2775287,0.4309,0.051,0.062,0,0
31/05/2023 00:00:00,23.63,12.76,12.77,-0.2741553,-0.2542,0.2758298,0.4307,0.051,0.053,0,0
30/05/2023 23:00:00,23.66,12.78,12.8,-0.2726447,-0.2522,0.2742883,0.4311,0.054,0.055,0,0
30/05/2023 22:00:00,23.81,12.82,12.83,-0.2630691,-0.2513,0.2647032,0.4191,0.055,0.057,0,0
30/05/2023 21:00:00,24.2,12.85,12.86,-0.2567649,-0.2376,0.2583947,0.4181,0.063,0.065,0,0
30/05/2023 20:00:00,24.97,12.86,12.87,-0.2794202,-0.2543,0.2809893,0.423,0.141,0.49,0,0
30/05/2023 19:00:00,25.89,12.88,12.91,-0.286,-0.2575,0.2929085,0.4397,9.92,16.92,0.007,0.039
30/05/2023 18:00:00,26.7,13.69,14.58,-0.03431915,0.1381,0.2743128,0.445,16.92,20.76,0.215,0.395
30/05/2023 17:00:00,28.14,13.85,14.58,0.2515234,0.6098,0.2747394,0.4127,18.64,20.93,0.439,0.747
30/05/2023 16:00:00,31.41,13.11,13.17,-0.08286595,0.057,0.2882968,0.4417,15.91,18.34,0.189,0.31
30/05/2023 15:00:00,32.77,14.09,14.46,0.06582766,0.149,0.2667404,0.4468,18.73,21.4,0.278,0.4
30/05/2023 14:00:00,32.01,14.44,14.46,0.1896074,0.2262,0.2609628,0.4114,21.23,21.41,0.345,0.434
30/05/2023 13:00:00,31.51,14.43,14.45,0.3347894,0.4346,0.2625308,0.4097,20.8,21.22,0.466,0.562
30/05/2023 12:00:00,31.22,14.39,14.43,0.6585521,0.8183,0.2646383,0.4163,18.99,19.98,0.789,0.982
30/05/2023 11:00:00,30.62,13.94,14.18,0.6879798,0.9178,0.2617617,0.4241,17.6,19.33,0.846,1.014
30/05/2023 10:00:00,29.17,13.8,13.89,0.7215319,0.8313,0.2741489,0.4272,17.83,19.23,0.868,0.959
30/05/2023 09:00:00,27.45,13.58,13.77,0.5393957,0.7827,0.2769489,0.4285,17.35,18.75,0.718,0.911
30/05/2023 08:00:00,25.43,13.62,13.85,0.6917861,1.1201,0.2773915,0.4305,17.45,19.77,0.852,1.23
30/05/2023 07:00:00,24.14,13.15,13.53,0.3125234,0.6587,0.2852936,0.4324,17.26,18.58,0.512,0.813
30/05/2023 06:00:00,23.69,12.75,12.86,-0.1084585,0.0986,0.2941819,0.446,15.52,18.18,0.17,0.333
30/05/2023 05:00:00,23.64,12.67,12.72,-0.2514245,-0.1826,0.2959755,0.4495,16.41,19.65,0.047,0.123
30/05/2023 04:00:00,23.73,12.66,12.67,-0.2948436,-0.2907,0.2961925,0.4515,4.03,17.94,0,0.002
30/05/2023 03:00:00,23.83,12.68,12.69,-0.2944436,-0.288,0.2958223,0.4508,0.049,0.077,0,0
30/05/2023 02:00:00,24.06,12.73,12.73,-0.2935915,-0.2888,0.2948745,0.4501,0.049,0.051,0,0
30/05/2023 01:00:00,24.62,12.73,12.74,-0.2934521,-0.2876,0.2947212,0.4489,0.051,0.052,0,0
30/05/2023 00:00:00,25.05,12.75,12.76,-0.2925915,-0.2885,0.2940564,0.4492,0.051,0.053,0,0
29/05/2023 23:00:00,25.34,12.78,12.8,-0.2875883,-0.2625,0.2891532,0.4484,0.053,0.058,0,0
29/05/2023 22:00:00,25.72,12.8,12.81,-0.2911436,-0.2713,0.2928223,0.4454,0.058,0.066,0,0
29/05/2023 21:00:00,26.28,12.83,12.84,-0.2912351,-0.2869,0.2929744,0.4477,0.063,0.066,0,0
29/05/2023 20:00:00,27.38,12.87,12.88,-0.2908117,-0.2858,0.2924691,0.447,0.158,0.59,0,0
29/05/2023 19:00:00,29.28,12.91,12.94,-0.286583,-0.2655,0.2916149,0.4462,9.93,16.32,0.005,0.026
29/05/2023 18:00:00,31.99,13.37,14.46,-0.05047978,0.2315,0.2833362,0.4452,15.91,20.82,0.217,0.413
29/05/2023 17:00:00,33.54,14.41,14.46,0.1086117,0.1162,0.2656968,0.4293,20.59,21.85,0.295,0.416
29/05/2023 16:00:00,33.26,14.46,14.46,0.1313819,0.1414,0.2648894,0.4173,21.19,21.31,0.304,0.419
29/05/2023 15:00:00,32.37,14.46,14.46,0.1597894,0.1744,0.2648478,0.4167,21.3,21.62,0.324,0.433
29/05/2023 14:00:00,31.86,14.43,14.46,0.2044553,0.232,0.2651489,0.4166,21.33,21.44,0.357,0.457
29/05/2023 13:00:00,32.68,14.37,14.44,0.3002468,0.3722,0.2660181,0.417,20.08,21.55,0.457,0.537
29/05/2023 12:00:00,32.88,14.36,14.4,0.5587606,0.7392,0.2659138,0.4173,19.55,20.6,0.684,0.886
29/05/2023 11:00:00,31.92,13.87,14.37,0.5857362,0.7633,0.2737245,0.4227,17.57,19.13,0.764,0.941
29/05/2023 10:00:00,30.15,13.65,13.74,0.4460659,0.5535,0.2773744,0.4315,17.44,18.5,0.637,0.724
29/05/2023 09:00:00,28.06,13.68,13.74,0.5517893,0.7208,0.2767159,0.4309,17.54,18.58,0.727,0.858
29/05/2023 08:00:00,25.6,13.74,13.99,0.736284,1.1733,0.2751096,0.4315,17.36,19.56,0.902,1.278
29/05/2023 07:00:00,23.47,13.61,13.95,0.688583,1.1351,0.2774947,0.4197,17.68,19.07,0.838,1.256
29/05/2023 06:00:00,22.41,13.34,13.69,0.3558075,0.9756,0.282717,0.4348,17.2,20.02,0.554,1.067
29/05/2023 05:00:00,21.9,12.77,13.55,-0.06957447,0.8601,0.2937564,0.4353,15.82,20.13,0.196,0.959
29/05/2023 04:00:00,22.12,12.63,12.64,-0.2954287,-0.2406,0.2975596,0.4525,5.941,20.11,0.001,0.066
29/05/2023 03:00:00,22.26,12.64,12.65,-0.2988085,-0.289,0.3004383,0.4553,0.048,0.122,0,0
29/05/2023 02:00:00,22.55,12.67,12.69,-0.2981968,-0.2888,0.2998223,0.4547,0.044,0.046,0,0
29/05/2023 01:00:00,22.85,12.69,12.7,-0.2958606,-0.2812,0.2974691,0.4519,0.044,0.046,0,0
29/05/2023 00:00:00,23.03,12.72,12.73,-0.2969095,-0.2873,0.2985149,0.4537,0.054,0.061,0,0
28/05/2023 23:00:00,23.24,12.74,12.75,-0.2923011,-0.2785,0.2939351,0.4525,0.056,0.065,0,0
28/05/2023 22:00:00,23.44,12.76,12.77,-0.2878298,-0.2667,0.2894394,0.443,0.054,0.057,0,0
28/05/2023 21:00:00,23.73,12.79,12.8,-0.2857638,-0.2775,0.2874255,0.4393,0.058,0.064,0,0
28/05/2023 20:00:00,24.21,12.83,12.85,-0.2835511,-0.2764,0.2851553,0.4388,0.122,0.405,0,0
28/05/2023 19:00:00,25.28,12.88,12.9,-0.2811638,-0.2687,0.2835798,0.4386,8.38,15,0.002,0.009
28/05/2023 18:00:00,26.86,12.93,12.97,-0.2665064,-0.2401,0.2823053,0.4368,14.15,17.22,0.017,0.044
28/05/2023 17:00:00,28.67,13.08,13.21,-0.1719234,-0.0366,0.2802244,0.436,14.7,16.77,0.105,0.222
28/05/2023 16:00:00,30.98,14.25,14.5,0.2177787,0.2829,0.2611138,0.4306,18.39,20.06,0.418,0.478
28/05/2023 15:00:00,32.43,14.35,14.43,0.3507862,0.432,0.2597128,0.4245,20.3,21.21,0.485,0.532
28/05/2023 14:00:00,32.11,14.38,14.4,0.6253532,0.7864,0.2568564,0.4087,20.6,21.27,0.693,0.829
28/05/2023 13:00:00,30.68,14.26,14.42,0.9912511,1.2018,0.2582372,0.4084,18.54,20.22,1.083,1.315
28/05/2023 12:00:00,28.08,13.84,13.94,0.7906798,0.8673,0.2694596,0.4177,17.76,18.48,0.93,1.025
28/05/2023 11:00:00,26.94,13.59,14,0.6042712,1.2274,0.2723096,0.4218,17.67,18.87,0.758,1.279
28/05/2023 10:00:00,26.31,13.51,13.62,0.5282351,0.7063,0.2739872,0.4324,17.5,18.35,0.696,0.843
28/05/2023 09:00:00,25.31,13.4,13.63,0.4308234,0.886,0.2773904,0.4305,17.32,18.92,0.616,0.966
28/05/2023 08:00:00,24.25,13.19,13.41,0.2270564,0.6377,0.2871606,0.4377,16.98,18.33,0.447,0.77
28/05/2023 07:00:00,23.46,13.12,13.39,0.2212521,0.6931,0.2894787,0.4444,17.13,19.28,0.435,0.792
28/05/2023 06:00:00,23.2,12.71,13.24,-0.1369085,0.6723,0.2985064,0.4479,16.72,19.66,0.141,0.757
28/05/2023 05:00:00,23.28,12.62,12.63,-0.2975106,-0.2804,0.3007191,0.4559,16.77,18.59,0.003,0.027
28/05/2023 04:00:00,23.43,12.63,12.63,-0.296651,-0.2817,0.2983553,0.4556,2.618,15.51,0,0.003
28/05/2023 03:00:00,23.61,12.64,12.65,-0.2978585,-0.2843,0.2995319,0.4554,0.044,0.054,0,0
28/05/2023 02:00:00,23.73,12.66,12.68,-0.2968032,-0.2832,0.2984585,0.4534,0.044,0.045,0,0
28/05/2023 01:00:00,23.79,12.69,12.7,-0.2857415,-0.2805,0.287167,0.4521,0.044,0.045,0,0
28/05/2023 00:00:00,23.79,12.72,12.73,-0.2941149,-0.2807,0.2957553,0.4409,0.048,0.05,0,0
27/05/2023 23:00:00,23.82,12.74,12.82,-0.2807798,-0.1388,0.2824553,0.4456,0.051,0.052,0,0
27/05/2023 22:00:00,24.1,12.76,12.77,-0.2858213,-0.2778,0.2875042,0.4431,0.053,0.054,0,0
27/05/2023 21:00:00,24.16,12.78,12.79,-0.2847627,-0.2778,0.2864968,0.4397,0.056,0.058,0,0
27/05/2023 20:00:00,24.28,12.81,12.83,-0.2835436,-0.2771,0.2852415,0.4391,0.096,0.251,0,0
27/05/2023 19:00:00,24.58,12.84,12.86,-0.2818085,-0.2685,0.2846213,0.4382,7.942,15.42,0.002,0.012
27/05/2023 18:00:00,25.03,12.91,12.94,-0.2277979,-0.1895,0.2834596,0.4377,13.81,17.32,0.062,0.099
27/05/2023 17:00:00,25.48,13.07,13.13,-0.08851489,-0.0273,0.2803851,0.4373,15.76,17.31,0.178,0.228
27/05/2023 16:00:00,26.26,12.98,13.06,-0.2207925,-0.0566,0.2848904,0.44,14.36,17.52,0.066,0.19
27/05/2023 15:00:00,27.11,13.85,14.58,0.03642021,0.157,0.2682404,0.4379,17.24,19.75,0.275,0.427
27/05/2023 14:00:00,27.47,14.56,14.58,0.1631574,0.1752,0.255684,0.4105,20.9,21.43,0.328,0.505
27/05/2023 13:00:00,27.27,14.53,14.54,0.2058064,0.2286,0.2568957,0.4085,21.23,21.43,0.356,0.468
27/05/2023 12:00:00,27.17,14.52,14.54,0.2816691,0.3276,0.2585393,0.4107,21,21.35,0.42,0.504
27/05/2023 11:00:00,27.15,14.5,14.53,0.4313883,0.5205,0.2602766,0.4151,20.55,21.1,0.549,0.632
27/05/2023 10:00:00,26.92,14.42,14.51,0.7320191,0.8634,0.2631415,0.4079,18.92,20.33,0.858,1.09
27/05/2023 09:00:00,26.43,14.08,14.37,0.8529946,1.1229,0.2680213,0.4202,17.97,19.68,0.992,1.285
27/05/2023 08:00:00,25.53,13.84,14.02,0.8349223,1.0645,0.2751564,0.4238,18,19.69,0.963,1.167
27/05/2023 07:00:00,24.42,13.59,13.77,0.6413202,0.9455,0.2799436,0.4304,17.8,19.65,0.793,1.112
27/05/2023 06:00:00,23.78,12.95,13.63,0.1083691,0.8609,0.2918021,0.4339,17.16,19.63,0.338,0.956
27/05/2023 05:00:00,23.64,12.69,12.76,-0.2801192,-0.0811,0.2976234,0.4489,17.31,19.69,0.016,0.185
27/05/2023 04:00:00,23.76,12.7,12.71,-0.2945096,-0.2817,0.2961957,0.4524,1.916,14.49,0,0.002
27/05/2023 03:00:00,23.89,12.72,12.73,-0.296084,-0.2889,0.2977777,0.4525,0.058,0.078,0,0
27/05/2023 02:00:00,23.8,12.74,12.74,-0.2969277,-0.2881,0.2985936,0.4528,0.058,0.091,0,0
27/05/2023 01:00:00,23.75,12.75,12.76,-0.2939798,-0.2802,0.2956191,0.4513,0.044,0.047,0,0
27/05/2023 00:00:00,23.82,12.75,12.77,-0.2950894,-0.2827,0.2967447,0.4493,0.131,0.574,0,0
26/05/2023 23:00:00,23.87,12.78,12.8,-0.2912936,-0.2794,0.292967,0.4478,0.17,0.845,0,0
26/05/2023 22:00:00,23.85,12.82,12.83,-0.2839447,-0.2771,0.2855691,0.4435,0.051,0.052,0,0
26/05/2023 21:00:00,24.05,12.85,12.87,-0.283117,-0.2763,0.2847404,0.4388,0.054,0.056,0,0
26/05/2023 20:00:00,24.6,12.89,12.91,-0.2818032,-0.2756,0.2834202,0.4377,0.137,0.48,0,0
26/05/2023 19:00:00,25.62,12.95,12.99,-0.2763479,-0.235,0.28505,0.437,9.92,16.48,0.009,0.052
26/05/2023 18:00:00,26.96,13.65,14.55,0.0310734,0.2355,0.2656266,0.4289,17.17,20.9,0.265,0.469
26/05/2023 17:00:00,28.23,14.43,14.54,0.2118872,0.2437,0.2614468,0.418,19.83,21.64,0.389,0.484
26/05/2023 16:00:00,28.86,14.48,14.5,0.2668404,0.2865,0.2587936,0.4155,21.11,21.7,0.406,0.53
26/05/2023 15:00:00,29.04,14.46,14.48,0.3181415,0.3412,0.2652447,0.4095,21.11,21.6,0.449,0.56
26/05/2023 14:00:00,28.93,14.47,14.48,0.3873436,0.4165,0.2583415,0.411,21.15,21.34,0.497,0.59
26/05/2023 13:00:00,28.68,14.47,14.5,0.4671564,0.5118,0.2594798,0.4133,20.65,21.03,0.573,0.654
26/05/2023 12:00:00,28.08,14.48,14.51,0.5696107,0.6504,0.2611404,0.4114,20.16,20.69,0.671,0.775
26/05/2023 11:00:00,27.73,14.06,14.52,0.6116649,0.7403,0.2691011,0.4212,18.24,20.23,0.768,0.984
26/05/2023 10:00:00,27.53,13.76,13.86,0.587051,0.7003,0.2677266,0.4205,18.03,19.35,0.734,0.802
26/05/2023 09:00:00,27.38,13.75,13.97,0.7027276,1.1009,0.2742681,0.4293,17.81,19.73,0.849,1.194
26/05/2023 08:00:00,26.49,13.77,13.84,0.904651,1.0448,0.2747936,0.4262,17.68,19.7,1.033,1.223
26/05/2023 07:00:00,24.85,13.71,13.81,1.040385,1.2647,0.2698894,0.4285,17.73,19.56,1.143,1.351
26/05/2023 06:00:00,23.72,13.2,13.63,0.4246436,1.1443,0.2858468,0.4341,17.3,19.18,0.608,1.185
26/05/2023 05:00:00,23.11,12.8,13.22,0.01528191,0.6034,0.2958404,0.4442,16.64,20.19,0.267,0.709
26/05/2023 04:00:00,23.01,12.63,12.64,-0.2968255,-0.2822,0.2986361,0.4548,5.438,19.4,0,0.004
26/05/2023 03:00:00,23.02,12.65,12.66,-0.2984553,-0.2899,0.3001393,0.455,0.046,0.12,0,0
26/05/2023 02:00:00,23.09,12.67,12.68,-0.2984223,-0.2924,0.3000915,0.4542,0.043,0.044,0,0
26/05/2023 01:00:00,23.19,12.7,12.71,-0.295601,-0.2814,0.2971936,0.4525,0.044,0.044,0,0
26/05/2023 00:00:00,23.3,12.72,12.73,-0.2966627,-0.2872,0.2982819,0.4525,0.044,0.046,0,0
25/05/2023 23:00:00,23.46,12.74,12.75,-0.2957915,-0.2836,0.2973925,0.4522,0.046,0.049,0,0
25/05/2023 22:00:00,23.74,12.76,12.78,-0.2868851,-0.2622,0.2885202,0.4503,0.05,0.052,0,0
25/05/2023 21:00:00,24.21,12.79,12.81,-0.2843372,-0.2767,0.2859777,0.4398,0.053,0.055,0,0
25/05/2023 20:00:00,25.03,12.84,12.86,-0.2644309,-0.2502,0.2660075,0.4392,0.142,0.517,0,0
25/05/2023 19:00:00,26.05,12.88,12.91,-0.2657021,-0.2449,0.2696308,0.4164,9.44,16.34,0.003,0.02
25/05/2023 18:00:00,27.18,12.99,13.06,-0.1501819,-0.0206,0.2632564,0.416,14.47,17.05,0.114,0.211
25/05/2023 17:00:00,28.62,13.08,13.15,-0.09859254,-0.0266,0.2689808,0.4216,15.68,16.81,0.16,0.214
25/05/2023 16:00:00,30.4,13.38,13.46,0.1334149,0.2418,0.2664106,0.4431,16.92,17.78,0.356,0.452
25/05/2023 15:00:00,30.57,14.27,14.39,0.7851872,0.9283,0.2480244,0.4147,19.75,20.67,0.838,1.019
25/05/2023 14:00:00,30.12,14.33,14.39,1.069787,1.2387,0.2469202,0.397,19.96,20.64,1.064,1.268
25/05/2023 13:00:00,29.8,13.91,14.4,1.049787,1.271,0.2518234,0.3982,17.89,19.61,1.143,1.373
25/05/2023 12:00:00,29.08,13.59,13.69,0.7990914,0.8813,0.254284,0.4153,17.95,19.23,0.898,0.97
25/05/2023 11:00:00,28.12,13.44,13.52,0.6742457,0.761,0.2538032,0.4113,17.89,18.66,0.786,0.861
25/05/2023 10:00:00,27.46,13.34,13.37,0.5319428,0.8006,0.3175,0.4405,17.99,18.83,0.711,0.91
