created,timestamp,sensor_type,value,name,lat,lon,alt
1664489297432,1664398800000,Air_Temp_HS_Avg(60m),22.09801,Boya (Isla del Barón),37.70940,-0.78552,0
1664489297432,1664398800000,WS_ms_Avg(60m),0.718,Boya (Isla del Barón),37.70940,-0.78552,0
1664489297432,1664398800000,WS3_Avg(60m),0.6212847,Boya (Isla del Barón),37.70940,-0.78552,0
1664489297432,1664398800000,WTemp_C1_Avg(60m),24.36859,Boya (Isla del Barón),37.70940,-0.78552,0
1664489297432,1664398800000,WTemp_C2_Avg(60m),24.37139,Boya (Isla del Barón),37.70940,-0.78552,0
1664489297432,1664398800000,SDI_Temp_3m(60m),24.27,Boya (Isla del Barón),37.70940,-0.78552,0
1664489297432,1664398800000,ThermTemp5_Avg(60m),24.55849,Boya (Isla del Barón),37.70940,-0.78552,0
1664489297432,1664398800000,O2_sat1_Avg(60m),109.9908,Boya (Isla del Barón),37.70940,-0.78552,0
1664489297432,1664398800000,O2_sat2_Avg(60m),109.8564,Boya (Isla del Barón),37.70940,-0.78552,0
1664489297432,1664398800000,O2_sat3_Avg(60m),111.3258,Boya (Isla del Barón),37.70940,-0.78552,0
1664489297432,1664398800000,SDI_Cond_6m(60m),62888.29,Boya (Isla del Barón),37.70940,-0.78552,0
1664489297432,1664398800000,RelHumidity_Avg(60m),62.19384,Boya (Isla del Barón),37.70940,-0.78552,0
1664489297432,1664398800000,WS_ms_Std(60m),0.342,Boya (Isla del Barón),37.70940,-0.78552,0
1664489297432,1664398800000,ThermTemp4_Avg(60m),24.52588,Boya (Isla del Barón),37.70940,-0.78552,0
1664489297432,1664398800000,SDI_Temp_6m(60m),24.1,Boya (Isla del Barón),37.70940,-0.78552,0
1664489297432,1664398800000,O2_conc2_Avg(60m),9.183519,Boya (Isla del Barón),37.70940,-0.78552,0
1664489297432,1664398800000,O2_conc3_Avg(60m),9.29985,Boya (Isla del Barón),37.70940,-0.78552,0
1664489297432,1664398800000,SDI_Cond_1m(60m),63811.77,Boya (Isla del Barón),37.70940,-0.78552,0
1664489297432,1664398800000,Vapor_Pressure_Avg(60m),1.653059,Boya (Isla del Barón),37.70940,-0.78552,0
1664489297432,1664398800000,WS_ms_Max(60m),1.55,Boya (Isla del Barón),37.70940,-0.78552,0
1664489297432,1664398800000,ThermTemp1_Avg(60m),24.53149,Boya (Isla del Barón),37.70940,-0.78552,0
1664489297432,1664398800000,SDI_Temp_1m(60m),24.19,Boya (Isla del Barón),37.70940,-0.78552,0
1664489297432,1664398800000,ThermTemp2_Avg(60m),24.59565,Boya (Isla del Barón),37.70940,-0.78552,0
1664489297432,1664398800000,ThermTemp3_Avg(60m),24.58539,Boya (Isla del Barón),37.70940,-0.78552,0
1664489297432,1664398800000,ThermTemp6_Avg(60m),24.64772,Boya (Isla del Barón),37.70940,-0.78552,0
1664489297432,1664398800000,WTemp_C3_Avg(60m),24.40897,Boya (Isla del Barón),37.70940,-0.78552,0
1664489297432,1664398800000,O2_conc1_Avg(60m),9.195231,Boya (Isla del Barón),37.70940,-0.78552,0
1664489297432,1664398800000,SDI_Cond_3m(60m),62934.17,Boya (Isla del Barón),37.70940,-0.78552,0
1664489297433,1664398800000,SDI_TempCorrCond_1m(60m),64862.7,Boya (Isla del Barón),37.70940,-0.78552,0
1664489297433,1664398800000,SDI_TempCorrCond_3m(60m),63850.42,Boya (Isla del Barón),37.70940,-0.78552,0
1664489297433,1664398800000,Mean_Chl_ugl(60m),0.5960148,Boya (Isla del Barón),37.70940,-0.78552,0
1664489297433,1664398800000,Mean_Turb_NTU(60m),1.622276,Boya (Isla del Barón),37.70940,-0.78552,0
1664489297433,1664398800000,SDI_TempCorrCond_6m(60m),64037.54,Boya (Isla del Barón),37.70940,-0.78552,0
1664492850143,1664402400000,Air_Temp_HS_Avg(60m),22.01729,Boya (Isla del Barón),37.70940,-0.78552,0
1664492850143,1664402400000,RelHumidity_Avg(60m),63.07957,Boya (Isla del Barón),37.70940,-0.78552,0
1664492850144,1664402400000,WS_ms_Std(60m),0.416,Boya (Isla del Barón),37.70940,-0.78552,0
1664492850144,1664402400000,WS3_Avg(60m),1.420545,Boya (Isla del Barón),37.70940,-0.78552,0
1664492850144,1664402400000,ThermTemp1_Avg(60m),24.40875,Boya (Isla del Barón),37.70940,-0.78552,0
1664492850144,1664402400000,WTemp_C1_Avg(60m),24.25214,Boya (Isla del Barón),37.70940,-0.78552,0
1664492850144,1664402400000,ThermTemp4_Avg(60m),24.41383,Boya (Isla del Barón),37.70940,-0.78552,0
1664492850144,1664402400000,Vapor_Pressure_Avg(60m),1.66826,Boya (Isla del Barón),37.70940,-0.78552,0
1664492850144,1664402400000,WS_ms_Max(60m),1.825,Boya (Isla del Barón),37.70940,-0.78552,0
1664492850144,1664402400000,SDI_Temp_1m(60m),24.05,Boya (Isla del Barón),37.70940,-0.78552,0
1664492850144,1664402400000,ThermTemp2_Avg(60m),24.48204,Boya (Isla del Barón),37.70940,-0.78552,0
1664492850144,1664402400000,ThermTemp3_Avg(60m),24.47612,Boya (Isla del Barón),37.70940,-0.78552,0
1664492850144,1664402400000,WS_ms_Avg(60m),0.978,Boya (Isla del Barón),37.70940,-0.78552,0
1664492850145,1664402400000,SDI_Temp_3m(60m),24.04,Boya (Isla del Barón),37.70940,-0.78552,0
1664492850145,1664402400000,SDI_Temp_6m(60m),23.94,Boya (Isla del Barón),37.70940,-0.78552,0
1664492850145,1664402400000,WTemp_C3_Avg(60m),24.26869,Boya (Isla del Barón),37.70940,-0.78552,0
1664492850145,1664402400000,WTemp_C2_Avg(60m),24.25298,Boya (Isla del Barón),37.70940,-0.78552,0
1664492850145,1664402400000,ThermTemp5_Avg(60m),24.4238,Boya (Isla del Barón),37.70940,-0.78552,0
1664492850145,1664402400000,ThermTemp6_Avg(60m),24.52058,Boya (Isla del Barón),37.70940,-0.78552,0
1664492850146,1664402400000,O2_sat2_Avg(60m),106.2772,Boya (Isla del Barón),37.70940,-0.78552,0
1664492850146,1664402400000,O2_conc2_Avg(60m),8.903943,Boya (Isla del Barón),37.70940,-0.78552,0
1664492850146,1664402400000,O2_conc3_Avg(60m),8.980917,Boya (Isla del Barón),37.70940,-0.78552,0
1664492850146,1664402400000,SDI_Cond_3m(60m),62909.35,Boya (Isla del Barón),37.70940,-0.78552,0
1664492850146,1664402400000,Mean_Turb_NTU(60m),1.545356,Boya (Isla del Barón),37.70940,-0.78552,0
1664492850146,1664402400000,O2_sat1_Avg(60m),106.2747,Boya (Isla del Barón),37.70940,-0.78552,0
1664492850146,1664402400000,SDI_TempCorrCond_3m(60m),64121.74,Boya (Isla del Barón),37.70940,-0.78552,0
1664492850146,1664402400000,Mean_Chl_ugl(60m),0.5931982,Boya (Isla del Barón),37.70940,-0.78552,0
1664492850146,1664402400000,O2_sat3_Avg(60m),107.2273,Boya (Isla del Barón),37.70940,-0.78552,0
1664492850146,1664402400000,O2_conc1_Avg(60m),8.903868,Boya (Isla del Barón),37.70940,-0.78552,0
1664492850146,1664402400000,SDI_Cond_1m(60m),63697.18,Boya (Isla del Barón),37.70940,-0.78552,0
1664492850146,1664402400000,SDI_Cond_6m(60m),62976.25,Boya (Isla del Barón),37.70940,-0.78552,0
1664492850146,1664402400000,SDI_TempCorrCond_1m(60m),64926.77,Boya (Isla del Barón),37.70940,-0.78552,0
1664492850146,1664402400000,SDI_TempCorrCond_6m(60m),64320.38,Boya (Isla del Barón),37.70940,-0.78552,0
1664496533843,1664406000000,Air_Temp_HS_Avg(60m),21.43914,Boya (Isla del Barón),37.70940,-0.78552,0
1664496533843,1664406000000,RelHumidity_Avg(60m),60.72265,Boya (Isla del Barón),37.70940,-0.78552,0
1664496533843,1664406000000,Vapor_Pressure_Avg(60m),1.550812,Boya (Isla del Barón),37.70940,-0.78552,0
1664496533844,1664406000000,WS_ms_Std(60m),0.399,Boya (Isla del Barón),37.70940,-0.78552,0
1664496533844,1664406000000,ThermTemp1_Avg(60m),24.32036,Boya (Isla del Barón),37.70940,-0.78552,0
1664496533844,1664406000000,SDI_Temp_1m(60m),23.96,Boya (Isla del Barón),37.70940,-0.78552,0
1664496533844,1664406000000,ThermTemp2_Avg(60m),24.39225,Boya (Isla del Barón),37.70940,-0.78552,0
1664496533844,1664406000000,WTemp_C2_Avg(60m),24.16613,Boya (Isla del Barón),37.70940,-0.78552,0
1664496533844,1664406000000,WS_ms_Avg(60m),0.629,Boya (Isla del Barón),37.70940,-0.78552,0
1664496533844,1664406000000,WS_ms_Max(60m),1.775,Boya (Isla del Barón),37.70940,-0.78552,0
1664496533844,1664406000000,WS3_Avg(60m),0.578584,Boya (Isla del Barón),37.70940,-0.78552,0
1664496533844,1664406000000,WTemp_C1_Avg(60m),24.16064,Boya (Isla del Barón),37.70940,-0.78552,0
1664496533844,1664406000000,ThermTemp3_Avg(60m),24.38532,Boya (Isla del Barón),37.70940,-0.78552,0
1664496533844,1664406000000,ThermTemp4_Avg(60m),24.32418,Boya (Isla del Barón),37.70940,-0.78552,0
1664496533845,1664406000000,ThermTemp5_Avg(60m),24.34677,Boya (Isla del Barón),37.70940,-0.78552,0
1664496533845,1664406000000,ThermTemp6_Avg(60m),24.43829,Boya (Isla del Barón),37.70940,-0.78552,0
1664496533845,1664406000000,WTemp_C3_Avg(60m),24.18809,Boya (Isla del Barón),37.70940,-0.78552,0
1664496533845,1664406000000,O2_sat1_Avg(60m),102.7724,Boya (Isla del Barón),37.70940,-0.78552,0
1664496533845,1664406000000,O2_sat2_Avg(60m),102.7146,Boya (Isla del Barón),37.70940,-0.78552,0
1664496533845,1664406000000,O2_conc3_Avg(60m),8.649399,Boya (Isla del Barón),37.70940,-0.78552,0
1664496533845,1664406000000,SDI_Cond_1m(60m),63666.27,Boya (Isla del Barón),37.70940,-0.78552,0
1664496533845,1664406000000,SDI_Temp_6m(60m),23.94,Boya (Isla del Barón),37.70940,-0.78552,0
1664496533845,1664406000000,O2_sat3_Avg(60m),103.1143,Boya (Isla del Barón),37.70940,-0.78552,0
1664496533845,1664406000000,O2_conc1_Avg(60m),8.625129,Boya (Isla del Barón),37.70940,-0.78552,0
1664496533845,1664406000000,O2_conc2_Avg(60m),8.619401,Boya (Isla del Barón),37.70940,-0.78552,0
1664496533845,1664406000000,SDI_Cond_3m(60m),62807.07,Boya (Isla del Barón),37.70940,-0.78552,0
1664496533845,1664406000000,SDI_Temp_3m(60m),24.1,Boya (Isla del Barón),37.70940,-0.78552,0
1664496533845,1664406000000,SDI_Cond_6m(60m),62601.03,Boya (Isla del Barón),37.70940,-0.78552,0
1664496533845,1664406000000,SDI_TempCorrCond_1m(60m),65010.03,Boya (Isla del Barón),37.70940,-0.78552,0
1664496533845,1664406000000,SDI_TempCorrCond_3m(60m),63951.04,Boya (Isla del Barón),37.70940,-0.78552,0
1664496533846,1664406000000,SDI_TempCorrCond_6m(60m),63943.63,Boya (Isla del Barón),37.70940,-0.78552,0
1664496533846,1664406000000,Mean_Chl_ugl(60m),0.5922285,Boya (Isla del Barón),37.70940,-0.78552,0
1664496533846,1664406000000,Mean_Turb_NTU(60m),1.571585,Boya (Isla del Barón),37.70940,-0.78552,0
1664500002059,1664409600000,Air_Temp_HS_Avg(60m),21.21818,Boya (Isla del Barón),37.70940,-0.78552,0
1664500002059,1664409600000,RelHumidity_Avg(60m),56.22946,Boya (Isla del Barón),37.70940,-0.78552,0
1664500002060,1664409600000,Vapor_Pressure_Avg(60m),1.417022,Boya (Isla del Barón),37.70940,-0.78552,0
1664500002061,1664409600000,SDI_Temp_1m(60m),23.96,Boya (Isla del Barón),37.70940,-0.78552,0
1664500002061,1664409600000,ThermTemp2_Avg(60m),24.31808,Boya (Isla del Barón),37.70940,-0.78552,0
1664500002061,1664409600000,ThermTemp3_Avg(60m),24.31348,Boya (Isla del Barón),37.70940,-0.78552,0
1664500002061,1664409600000,SDI_Temp_3m(60m),23.99,Boya (Isla del Barón),37.70940,-0.78552,0
1664500002061,1664409600000,ThermTemp6_Avg(60m),24.36818,Boya (Isla del Barón),37.70940,-0.78552,0
1664500002061,1664409600000,WS_ms_Avg(60m),0.895,Boya (Isla del Barón),37.70940,-0.78552,0
1664500002061,1664409600000,WTemp_C1_Avg(60m),24.08992,Boya (Isla del Barón),37.70940,-0.78552,0
1664500002061,1664409600000,ThermTemp4_Avg(60m),24.25059,Boya (Isla del Barón),37.70940,-0.78552,0
1664500002061,1664409600000,WTemp_C2_Avg(60m),24.09968,Boya (Isla del Barón),37.70940,-0.78552,0
1664500002061,1664409600000,ThermTemp5_Avg(60m),24.27275,Boya (Isla del Barón),37.70940,-0.78552,0
1664500002061,1664409600000,SDI_Temp_6m(60m),23.9,Boya (Isla del Barón),37.70940,-0.78552,0
1664500002061,1664409600000,WS_ms_Std(60m),0.532,Boya (Isla del Barón),37.70940,-0.78552,0
1664500002061,1664409600000,WS_ms_Max(60m),2.15,Boya (Isla del Barón),37.70940,-0.78552,0
1664500002061,1664409600000,WS3_Avg(60m),1.511544,Boya (Isla del Barón),37.70940,-0.78552,0
1664500002061,1664409600000,ThermTemp1_Avg(60m),24.24748,Boya (Isla del Barón),37.70940,-0.78552,0
1664500002062,1664409600000,O2_sat3_Avg(60m),98.83284,Boya (Isla del Barón),37.70940,-0.78552,0
1664500002062,1664409600000,WTemp_C3_Avg(60m),24.12133,Boya (Isla del Barón),37.70940,-0.78552,0
1664500002062,1664409600000,O2_sat1_Avg(60m),98.92678,Boya (Isla del Barón),37.70940,-0.78552,0
1664500002062,1664409600000,O2_conc1_Avg(60m),8.313369,Boya (Isla del Barón),37.70940,-0.78552,0
1664500002062,1664409600000,O2_conc2_Avg(60m),8.317971,Boya (Isla del Barón),37.70940,-0.78552,0
1664500002062,1664409600000,O2_conc3_Avg(60m),8.300595,Boya (Isla del Barón),37.70940,-0.78552,0
1664500002062,1664409600000,O2_sat2_Avg(60m),98.99961,Boya (Isla del Barón),37.70940,-0.78552,0
1664500002063,1664409600000,SDI_Cond_3m(60m),62583.73,Boya (Isla del Barón),37.70940,-0.78552,0
1664500002063,1664409600000,SDI_TempCorrCond_1m(60m),64737.11,Boya (Isla del Barón),37.70940,-0.78552,0
1664500002063,1664409600000,SDI_TempCorrCond_3m(60m),63856.66,Boya (Isla del Barón),37.70940,-0.78552,0
1664500002063,1664409600000,SDI_Cond_1m(60m),63385.85,Boya (Isla del Barón),37.70940,-0.78552,0
1664500002063,1664409600000,SDI_Cond_6m(60m),62776.97,Boya (Isla del Barón),37.70940,-0.78552,0
1664500002064,1664409600000,Mean_Turb_NTU(60m),1.518991,Boya (Isla del Barón),37.70940,-0.78552,0
1664500002064,1664409600000,SDI_TempCorrCond_6m(60m),64191.93,Boya (Isla del Barón),37.70940,-0.78552,0
1664500002064,1664409600000,Mean_Chl_ugl(60m),0.5846237,Boya (Isla del Barón),37.70940,-0.78552,0
1664503696700,1664413200000,Vapor_Pressure_Avg(60m),1.321084,Boya (Isla del Barón),37.70940,-0.78552,0
1664503696700,1664413200000,Air_Temp_HS_Avg(60m),20.50547,Boya (Isla del Barón),37.70940,-0.78552,0
1664503696700,1664413200000,RelHumidity_Avg(60m),54.79249,Boya (Isla del Barón),37.70940,-0.78552,0
1664503696700,1664413200000,WS_ms_Avg(60m),0.635,Boya (Isla del Barón),37.70940,-0.78552,0
1664503696701,1664413200000,WS_ms_Max(60m),1.625,Boya (Isla del Barón),37.70940,-0.78552,0
1664503696701,1664413200000,WS3_Avg(60m),0.7898141,Boya (Isla del Barón),37.70940,-0.78552,0
1664503696701,1664413200000,ThermTemp1_Avg(60m),24.13669,Boya (Isla del Barón),37.70940,-0.78552,0
1664503696701,1664413200000,WTemp_C1_Avg(60m),23.97456,Boya (Isla del Barón),37.70940,-0.78552,0
1664503696701,1664413200000,WS_ms_Std(60m),0.509,Boya (Isla del Barón),37.70940,-0.78552,0
1664503696701,1664413200000,ThermTemp2_Avg(60m),24.19617,Boya (Isla del Barón),37.70940,-0.78552,0
1664503696701,1664413200000,SDI_Temp_1m(60m),23.85,Boya (Isla del Barón),37.70940,-0.78552,0
1664503696701,1664413200000,ThermTemp3_Avg(60m),24.193,Boya (Isla del Barón),37.70940,-0.78552,0
1664503696702,1664413200000,ThermTemp6_Avg(60m),24.25586,Boya (Isla del Barón),37.70940,-0.78552,0
1664503696702,1664413200000,SDI_Temp_6m(60m),23.65,Boya (Isla del Barón),37.70940,-0.78552,0
1664503696702,1664413200000,O2_sat2_Avg(60m),97.1128,Boya (Isla del Barón),37.70940,-0.78552,0
1664503696702,1664413200000,SDI_Cond_6m(60m),62459.66,Boya (Isla del Barón),37.70940,-0.78552,0
1664503696702,1664413200000,SDI_TempCorrCond_1m(60m),64331.62,Boya (Isla del Barón),37.70940,-0.78552,0
1664503696702,1664413200000,WTemp_C2_Avg(60m),23.98262,Boya (Isla del Barón),37.70940,-0.78552,0
1664503696702,1664413200000,ThermTemp5_Avg(60m),24.16468,Boya (Isla del Barón),37.70940,-0.78552,0
1664503696702,1664413200000,WTemp_C3_Avg(60m),24.0155,Boya (Isla del Barón),37.70940,-0.78552,0
1664503696702,1664413200000,O2_sat1_Avg(60m),97.35253,Boya (Isla del Barón),37.70940,-0.78552,0
1664503696702,1664413200000,O2_sat3_Avg(60m),96.36153,Boya (Isla del Barón),37.70940,-0.78552,0
1664503696702,1664413200000,O2_conc2_Avg(60m),8.177306,Boya (Isla del Barón),37.70940,-0.78552,0
1664503696702,1664413200000,ThermTemp4_Avg(60m),24.12624,Boya (Isla del Barón),37.70940,-0.78552,0
1664503696702,1664413200000,SDI_Temp_3m(60m),23.79,Boya (Isla del Barón),37.70940,-0.78552,0
1664503696702,1664413200000,O2_conc1_Avg(60m),8.198724,Boya (Isla del Barón),37.70940,-0.78552,0
1664503696702,1664413200000,O2_conc3_Avg(60m),8.109068,Boya (Isla del Barón),37.70940,-0.78552,0
1664503696702,1664413200000,SDI_Cond_1m(60m),62861.94,Boya (Isla del Barón),37.70940,-0.78552,0
1664503696702,1664413200000,SDI_Cond_3m(60m),62508.5,Boya (Isla del Barón),37.70940,-0.78552,0
1664503696703,1664413200000,Mean_Turb_NTU(60m),1.455404,Boya (Isla del Barón),37.70940,-0.78552,0
1664503696703,1664413200000,SDI_TempCorrCond_3m(60m),64045.42,Boya (Isla del Barón),37.70940,-0.78552,0
1664503696703,1664413200000,Mean_Chl_ugl(60m),0.6129109,Boya (Isla del Barón),37.70940,-0.78552,0
1664503696703,1664413200000,SDI_TempCorrCond_6m(60m),64200.98,Boya (Isla del Barón),37.70940,-0.78552,0
1664507176357,1664416800000,ThermTemp2_Avg(60m),24.07013,Boya (Isla del Barón),37.70940,-0.78552,0
1664507176357,1664416800000,ThermTemp3_Avg(60m),24.07365,Boya (Isla del Barón),37.70940,-0.78552,0
1664507176357,1664416800000,WTemp_C2_Avg(60m),23.81694,Boya (Isla del Barón),37.70940,-0.78552,0
1664507176357,1664416800000,RelHumidity_Avg(60m),57.52579,Boya (Isla del Barón),37.70940,-0.78552,0
1664507176357,1664416800000,WS_ms_Avg(60m),0.288,Boya (Isla del Barón),37.70940,-0.78552,0
1664507176357,1664416800000,WS_ms_Std(60m),0.366,Boya (Isla del Barón),37.70940,-0.78552,0
1664507176357,1664416800000,WS_ms_Max(60m),1.4,Boya (Isla del Barón),37.70940,-0.78552,0
1664507176357,1664416800000,WS3_Avg(60m),0.1855863,Boya (Isla del Barón),37.70940,-0.78552,0
1664507176357,1664416800000,ThermTemp1_Avg(60m),23.96069,Boya (Isla del Barón),37.70940,-0.78552,0
1664507176357,1664416800000,WTemp_C1_Avg(60m),23.82777,Boya (Isla del Barón),37.70940,-0.78552,0
1664507176357,1664416800000,SDI_Temp_1m(60m),23.73,Boya (Isla del Barón),37.70940,-0.78552,0
1664507176357,1664416800000,Air_Temp_HS_Avg(60m),21.03893,Boya (Isla del Barón),37.70940,-0.78552,0
1664507176357,1664416800000,Vapor_Pressure_Avg(60m),1.433354,Boya (Isla del Barón),37.70940,-0.78552,0
1664507176357,1664416800000,ThermTemp4_Avg(60m),23.9942,Boya (Isla del Barón),37.70940,-0.78552,0
1664507176358,1664416800000,SDI_Temp_3m(60m),23.68,Boya (Isla del Barón),37.70940,-0.78552,0
1664507176359,1664416800000,ThermTemp6_Avg(60m),24.07509,Boya (Isla del Barón),37.70940,-0.78552,0
1664507176359,1664416800000,O2_sat1_Avg(60m),95.82486,Boya (Isla del Barón),37.70940,-0.78552,0
1664507176359,1664416800000,O2_sat2_Avg(60m),96.06218,Boya (Isla del Barón),37.70940,-0.78552,0
1664507176359,1664416800000,O2_conc2_Avg(60m),8.113983,Boya (Isla del Barón),37.70940,-0.78552,0
1664507176359,1664416800000,O2_conc3_Avg(60m),8.133564,Boya (Isla del Barón),37.70940,-0.78552,0
1664507176359,1664416800000,SDI_TempCorrCond_1m(60m),64623.83,Boya (Isla del Barón),37.70940,-0.78552,0
1664507176359,1664416800000,SDI_TempCorrCond_3m(60m),63882.08,Boya (Isla del Barón),37.70940,-0.78552,0
1664507176359,1664416800000,Mean_Chl_ugl(60m),0.6006232,Boya (Isla del Barón),37.70940,-0.78552,0
1664507176359,1664416800000,WTemp_C3_Avg(60m),23.83097,Boya (Isla del Barón),37.70940,-0.78552,0
1664507176359,1664416800000,SDI_Cond_3m(60m),62202.42,Boya (Isla del Barón),37.70940,-0.78552,0
1664507176359,1664416800000,SDI_Cond_6m(60m),62340.12,Boya (Isla del Barón),37.70940,-0.78552,0
1664507176359,1664416800000,ThermTemp5_Avg(60m),23.98453,Boya (Isla del Barón),37.70940,-0.78552,0
1664507176359,1664416800000,SDI_Temp_6m(60m),23.53,Boya (Isla del Barón),37.70940,-0.78552,0
1664507176359,1664416800000,O2_sat3_Avg(60m),96.31875,Boya (Isla del Barón),37.70940,-0.78552,0
1664507176359,1664416800000,O2_conc1_Avg(60m),8.092299,Boya (Isla del Barón),37.70940,-0.78552,0
1664507176359,1664416800000,SDI_Cond_1m(60m),62955.42,Boya (Isla del Barón),37.70940,-0.78552,0
1664507176359,1664416800000,SDI_TempCorrCond_6m(60m),64226.3,Boya (Isla del Barón),37.70940,-0.78552,0
1664507176360,1664416800000,Mean_Turb_NTU(60m),1.615196,Boya (Isla del Barón),37.70940,-0.78552,0
1664510854717,1664420400000,Vapor_Pressure_Avg(60m),1.395739,Boya (Isla del Barón),37.70940,-0.78552,0
1664510854717,1664420400000,WS_ms_Std(60m),0.329,Boya (Isla del Barón),37.70940,-0.78552,0
1664510854717,1664420400000,WS_ms_Max(60m),1.425,Boya (Isla del Barón),37.70940,-0.78552,0
1664510854717,1664420400000,WS3_Avg(60m),0.1436108,Boya (Isla del Barón),37.70940,-0.78552,0
1664510854717,1664420400000,ThermTemp3_Avg(60m),24.0222,Boya (Isla del Barón),37.70940,-0.78552,0
1664510854717,1664420400000,SDI_Temp_3m(60m),23.73,Boya (Isla del Barón),37.70940,-0.78552,0
1664510854717,1664420400000,SDI_Temp_6m(60m),23.65,Boya (Isla del Barón),37.70940,-0.78552,0
1664510854717,1664420400000,WTemp_C3_Avg(60m),23.84778,Boya (Isla del Barón),37.70940,-0.78552,0
1664510854717,1664420400000,WS_ms_Avg(60m),0.239,Boya (Isla del Barón),37.70940,-0.78552,0
1664510854717,1664420400000,ThermTemp1_Avg(60m),23.96143,Boya (Isla del Barón),37.70940,-0.78552,0
1664510854717,1664420400000,SDI_Temp_1m(60m),23.71,Boya (Isla del Barón),37.70940,-0.78552,0
1664510854717,1664420400000,WTemp_C2_Avg(60m),23.80075,Boya (Isla del Barón),37.70940,-0.78552,0
1664510854717,1664420400000,ThermTemp5_Avg(60m),23.99071,Boya (Isla del Barón),37.70940,-0.78552,0
1664510854717,1664420400000,ThermTemp6_Avg(60m),24.08453,Boya (Isla del Barón),37.70940,-0.78552,0
1664510854717,1664420400000,O2_sat1_Avg(60m),91.16576,Boya (Isla del Barón),37.70940,-0.78552,0
1664510854717,1664420400000,Air_Temp_HS_Avg(60m),21.23716,Boya (Isla del Barón),37.70940,-0.78552,0
1664510854717,1664420400000,RelHumidity_Avg(60m),55.27805,Boya (Isla del Barón),37.70940,-0.78552,0
1664510854717,1664420400000,WTemp_C1_Avg(60m),23.79941,Boya (Isla del Barón),37.70940,-0.78552,0
1664510854717,1664420400000,ThermTemp2_Avg(60m),24.03196,Boya (Isla del Barón),37.70940,-0.78552,0
1664510854717,1664420400000,ThermTemp4_Avg(60m),23.95687,Boya (Isla del Barón),37.70940,-0.78552,0
1664510854718,1664420400000,O2_sat2_Avg(60m),91.86942,Boya (Isla del Barón),37.70940,-0.78552,0
1664510854718,1664420400000,O2_conc2_Avg(60m),7.762208,Boya (Isla del Barón),37.70940,-0.78552,0
1664510854718,1664420400000,SDI_Cond_6m(60m),62288.23,Boya (Isla del Barón),37.70940,-0.78552,0
1664510854718,1664420400000,SDI_TempCorrCond_1m(60m),64452.76,Boya (Isla del Barón),37.70940,-0.78552,0
1664510854718,1664420400000,SDI_TempCorrCond_3m(60m),63980.84,Boya (Isla del Barón),37.70940,-0.78552,0
1664510854718,1664420400000,Mean_Turb_NTU(60m),1.478402,Boya (Isla del Barón),37.70940,-0.78552,0
1664510854718,1664420400000,O2_sat3_Avg(60m),90.91539,Boya (Isla del Barón),37.70940,-0.78552,0
1664510854718,1664420400000,O2_conc1_Avg(60m),7.702942,Boya (Isla del Barón),37.70940,-0.78552,0
1664510854718,1664420400000,O2_conc3_Avg(60m),7.674861,Boya (Isla del Barón),37.70940,-0.78552,0
1664510854718,1664420400000,SDI_Cond_3m(60m),62373.9,Boya (Isla del Barón),37.70940,-0.78552,0
1664510854718,1664420400000,Mean_Chl_ugl(60m),0.5636845,Boya (Isla del Barón),37.70940,-0.78552,0
1664510854718,1664420400000,SDI_Cond_1m(60m),62791.84,Boya (Isla del Barón),37.70940,-0.78552,0
1664510854718,1664420400000,SDI_TempCorrCond_6m(60m),64023.56,Boya (Isla del Barón),37.70940,-0.78552,0
1664514318960,1664424000000,RelHumidity_Avg(60m),57.1896,Boya (Isla del Barón),37.70940,-0.78552,0
1664514318960,1664424000000,Air_Temp_HS_Avg(60m),20.11396,Boya (Isla del Barón),37.70940,-0.78552,0
1664514318960,1664424000000,Vapor_Pressure_Avg(60m),1.345426,Boya (Isla del Barón),37.70940,-0.78552,0
1664514318961,1664424000000,WS_ms_Avg(60m),0.092,Boya (Isla del Barón),37.70940,-0.78552,0
1664514318961,1664424000000,WS_ms_Std(60m),0.197,Boya (Isla del Barón),37.70940,-0.78552,0
1664514318961,1664424000000,WS_ms_Max(60m),1.075,Boya (Isla del Barón),37.70940,-0.78552,0
1664514318961,1664424000000,WS3_Avg(60m),0.02949074,Boya (Isla del Barón),37.70940,-0.78552,0
1664514318961,1664424000000,ThermTemp1_Avg(60m),23.92459,Boya (Isla del Barón),37.70940,-0.78552,0
1664514318961,1664424000000,WTemp_C1_Avg(60m),23.77328,Boya (Isla del Barón),37.70940,-0.78552,0
1664514318961,1664424000000,SDI_Temp_1m(60m),23.6,Boya (Isla del Barón),37.70940,-0.78552,0
1664514318962,1664424000000,ThermTemp4_Avg(60m),23.93358,Boya (Isla del Barón),37.70940,-0.78552,0
1664514318962,1664424000000,ThermTemp5_Avg(60m),23.95234,Boya (Isla del Barón),37.70940,-0.78552,0
1664514318962,1664424000000,WTemp_C2_Avg(60m),23.77686,Boya (Isla del Barón),37.70940,-0.78552,0
1664514318962,1664424000000,ThermTemp6_Avg(60m),24.04621,Boya (Isla del Barón),37.70940,-0.78552,0
1664514318962,1664424000000,SDI_Temp_6m(60m),23.59,Boya (Isla del Barón),37.70940,-0.78552,0
1664514318962,1664424000000,ThermTemp2_Avg(60m),24.00482,Boya (Isla del Barón),37.70940,-0.78552,0
1664514318962,1664424000000,ThermTemp3_Avg(60m),23.99783,Boya (Isla del Barón),37.70940,-0.78552,0
1664514318962,1664424000000,SDI_Temp_3m(60m),23.62,Boya (Isla del Barón),37.70940,-0.78552,0
1664514318963,1664424000000,WTemp_C3_Avg(60m),23.7983,Boya (Isla del Barón),37.70940,-0.78552,0
1664514318963,1664424000000,O2_sat3_Avg(60m),87.88377,Boya (Isla del Barón),37.70940,-0.78552,0
1664514318963,1664424000000,O2_conc2_Avg(60m),7.513413,Boya (Isla del Barón),37.70940,-0.78552,0
1664514318963,1664424000000,SDI_Cond_1m(60m),62668.21,Boya (Isla del Barón),37.70940,-0.78552,0
1664514318963,1664424000000,SDI_Cond_6m(60m),62155.14,Boya (Isla del Barón),37.70940,-0.78552,0
1664514318963,1664424000000,SDI_TempCorrCond_1m(60m),64479.8,Boya (Isla del Barón),37.70940,-0.78552,0
1664514318963,1664424000000,O2_sat2_Avg(60m),88.88454,Boya (Isla del Barón),37.70940,-0.78552,0
1664514318963,1664424000000,O2_conc3_Avg(60m),7.425834,Boya (Isla del Barón),37.70940,-0.78552,0
1664514318963,1664424000000,SDI_Cond_3m(60m),62070.06,Boya (Isla del Barón),37.70940,-0.78552,0
1664514318963,1664424000000,SDI_TempCorrCond_3m(60m),63819.98,Boya (Isla del Barón),37.70940,-0.78552,0
1664514318963,1664424000000,O2_sat1_Avg(60m),88.21907,Boya (Isla del Barón),37.70940,-0.78552,0
1664514318963,1664424000000,O2_conc1_Avg(60m),7.457668,Boya (Isla del Barón),37.70940,-0.78552,0
1664514318964,1664424000000,Mean_Turb_NTU(60m),1.534337,Boya (Isla del Barón),37.70940,-0.78552,0
1664514318964,1664424000000,SDI_TempCorrCond_6m(60m),63946.68,Boya (Isla del Barón),37.70940,-0.78552,0
1664514318964,1664424000000,Mean_Chl_ugl(60m),0.6093195,Boya (Isla del Barón),37.70940,-0.78552,0
1664518048719,1664427600000,WS_ms_Avg(60m),0.253,Boya (Isla del Barón),37.70940,-0.78552,0
1664518048719,1664427600000,WS_ms_Max(60m),1.55,Boya (Isla del Barón),37.70940,-0.78552,0
1664518048719,1664427600000,WS3_Avg(60m),0.1751056,Boya (Isla del Barón),37.70940,-0.78552,0
1664518048719,1664427600000,RelHumidity_Avg(60m),55.74142,Boya (Isla del Barón),37.70940,-0.78552,0
1664518048719,1664427600000,Vapor_Pressure_Avg(60m),1.294582,Boya (Isla del Barón),37.70940,-0.78552,0
1664518048719,1664427600000,WS_ms_Std(60m),0.358,Boya (Isla del Barón),37.70940,-0.78552,0
1664518048719,1664427600000,Air_Temp_HS_Avg(60m),19.90112,Boya (Isla del Barón),37.70940,-0.78552,0
1664518048720,1664427600000,ThermTemp1_Avg(60m),23.77159,Boya (Isla del Barón),37.70940,-0.78552,0
1664518048720,1664427600000,WTemp_C1_Avg(60m),23.62091,Boya (Isla del Barón),37.70940,-0.78552,0
1664518048720,1664427600000,SDI_Temp_1m(60m),23.45,Boya (Isla del Barón),37.70940,-0.78552,0
1664518048721,1664427600000,ThermTemp2_Avg(60m),23.84936,Boya (Isla del Barón),37.70940,-0.78552,0
1664518048721,1664427600000,ThermTemp5_Avg(60m),23.79057,Boya (Isla del Barón),37.70940,-0.78552,0
1664518048721,1664427600000,SDI_Temp_6m(60m),23.19,Boya (Isla del Barón),37.70940,-0.78552,0
1664518048721,1664427600000,O2_sat1_Avg(60m),89.19214,Boya (Isla del Barón),37.70940,-0.78552,0
1664518048721,1664427600000,SDI_Cond_1m(60m),62577.01,Boya (Isla del Barón),37.70940,-0.78552,0
1664518048721,1664427600000,ThermTemp3_Avg(60m),23.8419,Boya (Isla del Barón),37.70940,-0.78552,0
1664518048721,1664427600000,ThermTemp4_Avg(60m),23.77901,Boya (Isla del Barón),37.70940,-0.78552,0
1664518048721,1664427600000,WTemp_C2_Avg(60m),23.62337,Boya (Isla del Barón),37.70940,-0.78552,0
1664518048721,1664427600000,SDI_Temp_3m(60m),23.38,Boya (Isla del Barón),37.70940,-0.78552,0
1664518048721,1664427600000,O2_sat2_Avg(60m),89.71434,Boya (Isla del Barón),37.70940,-0.78552,0
1664518048721,1664427600000,O2_conc1_Avg(60m),7.561452,Boya (Isla del Barón),37.70940,-0.78552,0
1664518048721,1664427600000,O2_conc2_Avg(60m),7.60537,Boya (Isla del Barón),37.70940,-0.78552,0
1664518048721,1664427600000,ThermTemp6_Avg(60m),23.88221,Boya (Isla del Barón),37.70940,-0.78552,0
1664518048721,1664427600000,WTemp_C3_Avg(60m),23.63967,Boya (Isla del Barón),37.70940,-0.78552,0
1664518048721,1664427600000,O2_sat3_Avg(60m),89.27337,Boya (Isla del Barón),37.70940,-0.78552,0
1664518048721,1664427600000,O2_conc3_Avg(60m),7.56566,Boya (Isla del Barón),37.70940,-0.78552,0
1664518048722,1664427600000,SDI_Cond_3m(60m),61998.63,Boya (Isla del Barón),37.70940,-0.78552,0
1664518048722,1664427600000,SDI_TempCorrCond_3m(60m),64071.65,Boya (Isla del Barón),37.70940,-0.78552,0
1664518048722,1664427600000,SDI_Cond_6m(60m),62164.92,Boya (Isla del Barón),37.70940,-0.78552,0
1664518048722,1664427600000,SDI_TempCorrCond_1m(60m),64583.92,Boya (Isla del Barón),37.70940,-0.78552,0
1664518048722,1664427600000,SDI_TempCorrCond_6m(60m),64480.82,Boya (Isla del Barón),37.70940,-0.78552,0
1664518048722,1664427600000,Mean_Chl_ugl(60m),0.6051194,Boya (Isla del Barón),37.70940,-0.78552,0
1664518048722,1664427600000,Mean_Turb_NTU(60m),1.461637,Boya (Isla del Barón),37.70940,-0.78552,0
1664521536755,1664431200000,WS_ms_Avg(60m),0.449,Boya (Isla del Barón),37.70940,-0.78552,0
1664521536755,1664431200000,WS_ms_Std(60m),0.426,Boya (Isla del Barón),37.70940,-0.78552,0
1664521536755,1664431200000,WS_ms_Max(60m),1.55,Boya (Isla del Barón),37.70940,-0.78552,0
1664521536755,1664431200000,ThermTemp1_Avg(60m),23.66502,Boya (Isla del Barón),37.70940,-0.78552,0
1664521536755,1664431200000,ThermTemp4_Avg(60m),23.72481,Boya (Isla del Barón),37.70940,-0.78552,0
1664521536755,1664431200000,ThermTemp6_Avg(60m),23.77841,Boya (Isla del Barón),37.70940,-0.78552,0
1664521536755,1664431200000,O2_sat1_Avg(60m),85.88757,Boya (Isla del Barón),37.70940,-0.78552,0
1664521536755,1664431200000,O2_sat3_Avg(60m),85.35317,Boya (Isla del Barón),37.70940,-0.78552,0
1664521536755,1664431200000,SDI_Cond_3m(60m),61759.46,Boya (Isla del Barón),37.70940,-0.78552,0
1664521536755,1664431200000,Air_Temp_HS_Avg(60m),20.23508,Boya (Isla del Barón),37.70940,-0.78552,0
1664521536755,1664431200000,Vapor_Pressure_Avg(60m),1.313431,Boya (Isla del Barón),37.70940,-0.78552,0
1664521536755,1664431200000,WTemp_C1_Avg(60m),23.53745,Boya (Isla del Barón),37.70940,-0.78552,0
1664521536755,1664431200000,ThermTemp2_Avg(60m),23.79403,Boya (Isla del Barón),37.70940,-0.78552,0
1664521536755,1664431200000,WTemp_C2_Avg(60m),23.52624,Boya (Isla del Barón),37.70940,-0.78552,0
1664521536755,1664431200000,ThermTemp5_Avg(60m),23.68449,Boya (Isla del Barón),37.70940,-0.78552,0
1664521536755,1664431200000,WTemp_C3_Avg(60m),23.52221,Boya (Isla del Barón),37.70940,-0.78552,0
1664521536755,1664431200000,O2_sat2_Avg(60m),86.23406,Boya (Isla del Barón),37.70940,-0.78552,0
1664521536755,1664431200000,O2_conc1_Avg(60m),7.292712,Boya (Isla del Barón),37.70940,-0.78552,0
1664521536755,1664431200000,O2_conc2_Avg(60m),7.323665,Boya (Isla del Barón),37.70940,-0.78552,0
1664521536755,1664431200000,SDI_Cond_1m(60m),62014.64,Boya (Isla del Barón),37.70940,-0.78552,0
1664521536755,1664431200000,RelHumidity_Avg(60m),55.37597,Boya (Isla del Barón),37.70940,-0.78552,0
1664521536755,1664431200000,WS3_Avg(60m),0.382778,Boya (Isla del Barón),37.70940,-0.78552,0
1664521536755,1664431200000,SDI_Temp_1m(60m),23.39,Boya (Isla del Barón),37.70940,-0.78552,0
1664521536755,1664431200000,ThermTemp3_Avg(60m),23.78437,Boya (Isla del Barón),37.70940,-0.78552,0
1664521536755,1664431200000,SDI_Temp_3m(60m),23.26,Boya (Isla del Barón),37.70940,-0.78552,0
1664521536755,1664431200000,SDI_Temp_6m(60m),23.43,Boya (Isla del Barón),37.70940,-0.78552,0
1664521536755,1664431200000,O2_conc3_Avg(60m),7.249427,Boya (Isla del Barón),37.70940,-0.78552,0
1664521536756,1664431200000,SDI_TempCorrCond_6m(60m),63782.38,Boya (Isla del Barón),37.70940,-0.78552,0
1664521536756,1664431200000,Mean_Chl_ugl(60m),0.558358,Boya (Isla del Barón),37.70940,-0.78552,0
1664521536756,1664431200000,SDI_Cond_6m(60m),61773.9,Boya (Isla del Barón),37.70940,-0.78552,0
1664521536756,1664431200000,SDI_TempCorrCond_1m(60m),64070.25,Boya (Isla del Barón),37.70940,-0.78552,0
1664521536756,1664431200000,SDI_TempCorrCond_3m(60m),63980.4,Boya (Isla del Barón),37.70940,-0.78552,0
1664521536756,1664431200000,Mean_Turb_NTU(60m),1.538015,Boya (Isla del Barón),37.70940,-0.78552,0
1664525220601,1664434800000,RelHumidity_Avg(60m),-142.5235,Boya (Isla del Barón),37.70940,-0.78552,0
1664525220601,1664434800000,Air_Temp_HS_Avg(60m),-116.5257,Boya (Isla del Barón),37.70940,-0.78552,0
1664525220601,1664434800000,Vapor_Pressure_Avg(60m),-5.227562,Boya (Isla del Barón),37.70940,-0.78552,0
1664525220602,1664434800000,WS_ms_Avg(60m),0.0,Boya (Isla del Barón),37.70940,-0.78552,0
1664525220603,1664434800000,WS_ms_Std(60m),0.0,Boya (Isla del Barón),37.70940,-0.78552,0
1664525220603,1664434800000,WS_ms_Max(60m),0.0,Boya (Isla del Barón),37.70940,-0.78552,0
1664525220603,1664434800000,WS3_Avg(60m),0.0,Boya (Isla del Barón),37.70940,-0.78552,0
1664525220603,1664434800000,ThermTemp2_Avg(60m),10.77922,Boya (Isla del Barón),37.70940,-0.78552,0
1664525220603,1664434800000,WTemp_C2_Avg(60m),-12.58998,Boya (Isla del Barón),37.70940,-0.78552,0
1664525220603,1664434800000,SDI_Temp_3m(60m),0.0,Boya (Isla del Barón),37.70940,-0.78552,0
1664525220603,1664434800000,O2_sat1_Avg(60m),-2.262771,Boya (Isla del Barón),37.70940,-0.78552,0
1664525220603,1664434800000,WTemp_C1_Avg(60m),-16.12346,Boya (Isla del Barón),37.70940,-0.78552,0
1664525220603,1664434800000,ThermTemp6_Avg(60m),0.7703145,Boya (Isla del Barón),37.70940,-0.78552,0
1664525220603,1664434800000,O2_sat2_Avg(60m),-38.61918,Boya (Isla del Barón),37.70940,-0.78552,0
1664525220603,1664434800000,SDI_Temp_1m(60m),0.0,Boya (Isla del Barón),37.70940,-0.78552,0
1664525220603,1664434800000,ThermTemp5_Avg(60m),15.68635,Boya (Isla del Barón),37.70940,-0.78552,0
1664525220603,1664434800000,SDI_Temp_6m(60m),0.0,Boya (Isla del Barón),37.70940,-0.78552,0
1664525220603,1664434800000,WTemp_C3_Avg(60m),-15.92757,Boya (Isla del Barón),37.70940,-0.78552,0
1664525220604,1664434800000,O2_conc3_Avg(60m),-6.49267,Boya (Isla del Barón),37.70940,-0.78552,0
1664525220604,1664434800000,O2_conc1_Avg(60m),-0.5693566,Boya (Isla del Barón),37.70940,-0.78552,0
1664525220604,1664434800000,O2_conc2_Avg(60m),-8.578577,Boya (Isla del Barón),37.70940,-0.78552,0
1664525220604,1664434800000,SDI_TempCorrCond_1m(60m),0.0,Boya (Isla del Barón),37.70940,-0.78552,0
1664525220604,1664434800000,SDI_TempCorrCond_6m(60m),0.0,Boya (Isla del Barón),37.70940,-0.78552,0
1664525220604,1664434800000,Mean_Chl_ugl(60m),18.84486,Boya (Isla del Barón),37.70940,-0.78552,0
1664525220604,1664434800000,Mean_Turb_NTU(60m),-22.48871,Boya (Isla del Barón),37.70940,-0.78552,0
1664525220604,1664434800000,O2_sat3_Avg(60m),-26.16086,Boya (Isla del Barón),37.70940,-0.78552,0
1664525220604,1664434800000,SDI_TempCorrCond_3m(60m),0.0,Boya (Isla del Barón),37.70940,-0.78552,0
1664528898481,1664438400000,Air_Temp_HS_Avg(60m),20.83776,Boya (Isla del Barón),37.70940,-0.78552,0
1664528898482,1664438400000,WS_ms_Avg(60m),0.189,Boya (Isla del Barón),37.70940,-0.78552,0
1664528898482,1664438400000,ThermTemp1_Avg(60m),23.73964,Boya (Isla del Barón),37.70940,-0.78552,0
1664528898482,1664438400000,ThermTemp2_Avg(60m),19.17554,Boya (Isla del Barón),37.70940,-0.78552,0
1664528898482,1664438400000,SDI_Temp_3m(60m),23.59,Boya (Isla del Barón),37.70940,-0.78552,0
1664528898482,1664438400000,RelHumidity_Avg(60m),-27.1801,Boya (Isla del Barón),37.70940,-0.78552,0
1664528898482,1664438400000,WS_ms_Std(60m),0.329,Boya (Isla del Barón),37.70940,-0.78552,0
1664528898482,1664438400000,WTemp_C2_Avg(60m),13.61152,Boya (Isla del Barón),37.70940,-0.78552,0
1664528898482,1664438400000,Vapor_Pressure_Avg(60m),0.4304518,Boya (Isla del Barón),37.70940,-0.78552,0
1664528898482,1664438400000,WS_ms_Max(60m),1.425,Boya (Isla del Barón),37.70940,-0.78552,0
1664528898482,1664438400000,WS3_Avg(60m),0.1353637,Boya (Isla del Barón),37.70940,-0.78552,0
1664528898482,1664438400000,WTemp_C1_Avg(60m),13.26713,Boya (Isla del Barón),37.70940,-0.78552,0
1664528898482,1664438400000,SDI_Temp_1m(60m),23.5,Boya (Isla del Barón),37.70940,-0.78552,0
1664528898482,1664438400000,ThermTemp3_Avg(60m),23.84218,Boya (Isla del Barón),37.70940,-0.78552,0
1664528898482,1664438400000,ThermTemp4_Avg(60m),23.78,Boya (Isla del Barón),37.70940,-0.78552,0
1664528898484,1664438400000,ThermTemp5_Avg(60m),23.75883,Boya (Isla del Barón),37.70940,-0.78552,0
1664528898484,1664438400000,WTemp_C3_Avg(60m),12.49752,Boya (Isla del Barón),37.70940,-0.78552,0
1664528898484,1664438400000,O2_sat3_Avg(60m),55.3465,Boya (Isla del Barón),37.70940,-0.78552,0
1664528898484,1664438400000,O2_conc3_Avg(60m),3.580514,Boya (Isla del Barón),37.70940,-0.78552,0
1664528898484,1664438400000,SDI_Cond_3m(60m),61788.05,Boya (Isla del Barón),37.70940,-0.78552,0
1664528898484,1664438400000,SDI_TempCorrCond_6m(60m),64017.75,Boya (Isla del Barón),37.70940,-0.78552,0
1664528898484,1664438400000,O2_sat1_Avg(60m),65.27083,Boya (Isla del Barón),37.70940,-0.78552,0
1664528898484,1664438400000,O2_sat2_Avg(60m),54.03316,Boya (Isla del Barón),37.70940,-0.78552,0
1664528898484,1664438400000,O2_conc2_Avg(60m),3.103819,Boya (Isla del Barón),37.70940,-0.78552,0
1664528898484,1664438400000,SDI_Cond_1m(60m),62188.77,Boya (Isla del Barón),37.70940,-0.78552,0
1664528898484,1664438400000,SDI_TempCorrCond_1m(60m),64109.34,Boya (Isla del Barón),37.70940,-0.78552,0
1664528898484,1664438400000,ThermTemp6_Avg(60m),23.85751,Boya (Isla del Barón),37.70940,-0.78552,0
1664528898484,1664438400000,SDI_Temp_6m(60m),23.32,Boya (Isla del Barón),37.70940,-0.78552,0
1664528898484,1664438400000,O2_conc1_Avg(60m),5.439262,Boya (Isla del Barón),37.70940,-0.78552,0
1664528898484,1664438400000,SDI_Cond_6m(60m),61836.33,Boya (Isla del Barón),37.70940,-0.78552,0
1664528898484,1664438400000,SDI_TempCorrCond_3m(60m),63587.37,Boya (Isla del Barón),37.70940,-0.78552,0
1664528898485,1664438400000,Mean_Chl_ugl(60m),0.566639,Boya (Isla del Barón),37.70940,-0.78552,0
1664528898485,1664438400000,Mean_Turb_NTU(60m),1.552201,Boya (Isla del Barón),37.70940,-0.78552,0
1664532344014,1664442000000,Air_Temp_HS_Avg(60m),24.19065,Boya (Isla del Barón),37.70940,-0.78552,0
1664532344014,1664442000000,RelHumidity_Avg(60m),42.34524,Boya (Isla del Barón),37.70940,-0.78552,0
1664532344014,1664442000000,WS_ms_Std(60m),0.483,Boya (Isla del Barón),37.70940,-0.78552,0
1664532344014,1664442000000,WS_ms_Max(60m),1.775,Boya (Isla del Barón),37.70940,-0.78552,0
1664532344014,1664442000000,WS3_Avg(60m),0.7338221,Boya (Isla del Barón),37.70940,-0.78552,0
1664532344014,1664442000000,WS_ms_Avg(60m),0.64,Boya (Isla del Barón),37.70940,-0.78552,0
1664532344014,1664442000000,Vapor_Pressure_Avg(60m),1.277934,Boya (Isla del Barón),37.70940,-0.78552,0
1664532344015,1664442000000,ThermTemp1_Avg(60m),23.78667,Boya (Isla del Barón),37.70940,-0.78552,0
1664532344015,1664442000000,WTemp_C1_Avg(60m),23.60857,Boya (Isla del Barón),37.70940,-0.78552,0
1664532344015,1664442000000,SDI_Temp_1m(60m),23.54,Boya (Isla del Barón),37.70940,-0.78552,0
1664532344015,1664442000000,ThermTemp2_Avg(60m),23.87944,Boya (Isla del Barón),37.70940,-0.78552,0
1664532344015,1664442000000,ThermTemp4_Avg(60m),23.69264,Boya (Isla del Barón),37.70940,-0.78552,0
1664532344015,1664442000000,ThermTemp3_Avg(60m),23.86906,Boya (Isla del Barón),37.70940,-0.78552,0
1664532344016,1664442000000,ThermTemp6_Avg(60m),23.74988,Boya (Isla del Barón),37.70940,-0.78552,0
1664532344016,1664442000000,O2_sat1_Avg(60m),90.11882,Boya (Isla del Barón),37.70940,-0.78552,0
1664532344016,1664442000000,WTemp_C2_Avg(60m),23.55148,Boya (Isla del Barón),37.70940,-0.78552,0
1664532344016,1664442000000,SDI_Temp_3m(60m),23.57,Boya (Isla del Barón),37.70940,-0.78552,0
1664532344016,1664442000000,SDI_Temp_6m(60m),23.59,Boya (Isla del Barón),37.70940,-0.78552,0
1664532344016,1664442000000,WTemp_C3_Avg(60m),23.61921,Boya (Isla del Barón),37.70940,-0.78552,0
1664532344016,1664442000000,ThermTemp5_Avg(60m),23.76344,Boya (Isla del Barón),37.70940,-0.78552,0
1664532344016,1664442000000,O2_sat2_Avg(60m),90.32442,Boya (Isla del Barón),37.70940,-0.78552,0
1664532344017,1664442000000,O2_conc1_Avg(60m),7.641751,Boya (Isla del Barón),37.70940,-0.78552,0
1664532344017,1664442000000,O2_sat3_Avg(60m),90.73838,Boya (Isla del Barón),37.70940,-0.78552,0
1664532344018,1664442000000,O2_conc2_Avg(60m),7.668368,Boya (Isla del Barón),37.70940,-0.78552,0
1664532344018,1664442000000,O2_conc3_Avg(60m),7.693402,Boya (Isla del Barón),37.70940,-0.78552,0
1664532344018,1664442000000,SDI_Cond_1m(60m),62206.87,Boya (Isla del Barón),37.70940,-0.78552,0
1664532344018,1664442000000,SDI_TempCorrCond_1m(60m),64078.33,Boya (Isla del Barón),37.70940,-0.78552,0
1664532344018,1664442000000,Mean_Chl_ugl(60m),0.5739927,Boya (Isla del Barón),37.70940,-0.78552,0
1664532344018,1664442000000,SDI_Cond_3m(60m),61991.83,Boya (Isla del Barón),37.70940,-0.78552,0
1664532344018,1664442000000,SDI_Cond_6m(60m),61915.27,Boya (Isla del Barón),37.70940,-0.78552,0
1664532344018,1664442000000,SDI_TempCorrCond_3m(60m),63850.42,Boya (Isla del Barón),37.70940,-0.78552,0
1664532344018,1664442000000,SDI_TempCorrCond_6m(60m),63689.54,Boya (Isla del Barón),37.70940,-0.78552,0
1664532344018,1664442000000,Mean_Turb_NTU(60m),1.550839,Boya (Isla del Barón),37.70940,-0.78552,0
1664536058297,1664445600000,Air_Temp_HS_Avg(60m),24.79022,Boya (Isla del Barón),37.70940,-0.78552,0
1664536058297,1664445600000,RelHumidity_Avg(60m),38.00166,Boya (Isla del Barón),37.70940,-0.78552,0
1664536058298,1664445600000,WS_ms_Avg(60m),0.713,Boya (Isla del Barón),37.70940,-0.78552,0
1664536058298,1664445600000,WS_ms_Max(60m),1.975,Boya (Isla del Barón),37.70940,-0.78552,0
1664536058298,1664445600000,WS3_Avg(60m),1.08834,Boya (Isla del Barón),37.70940,-0.78552,0
1664536058298,1664445600000,Vapor_Pressure_Avg(60m),1.188369,Boya (Isla del Barón),37.70940,-0.78552,0
1664536058298,1664445600000,WS_ms_Std(60m),0.558,Boya (Isla del Barón),37.70940,-0.78552,0
1664536058298,1664445600000,ThermTemp1_Avg(60m),23.87508,Boya (Isla del Barón),37.70940,-0.78552,0
1664536058298,1664445600000,WTemp_C1_Avg(60m),23.70892,Boya (Isla del Barón),37.70940,-0.78552,0
1664536058299,1664445600000,SDI_Temp_1m(60m),23.69,Boya (Isla del Barón),37.70940,-0.78552,0
1664536058299,1664445600000,ThermTemp2_Avg(60m),23.96638,Boya (Isla del Barón),37.70940,-0.78552,0
1664536058299,1664445600000,ThermTemp4_Avg(60m),23.90207,Boya (Isla del Barón),37.70940,-0.78552,0
1664536058299,1664445600000,ThermTemp3_Avg(60m),23.95703,Boya (Isla del Barón),37.70940,-0.78552,0
1664536058300,1664445600000,ThermTemp6_Avg(60m),24.01941,Boya (Isla del Barón),37.70940,-0.78552,0
1664536058300,1664445600000,SDI_Temp_6m(60m),23.75,Boya (Isla del Barón),37.70940,-0.78552,0
1664536058300,1664445600000,WTemp_C2_Avg(60m),23.7175,Boya (Isla del Barón),37.70940,-0.78552,0
1664536058300,1664445600000,ThermTemp5_Avg(60m),23.91048,Boya (Isla del Barón),37.70940,-0.78552,0
1664536058300,1664445600000,WTemp_C3_Avg(60m),23.77095,Boya (Isla del Barón),37.70940,-0.78552,0
1664536058300,1664445600000,SDI_Temp_3m(60m),23.57,Boya (Isla del Barón),37.70940,-0.78552,0
1664536058301,1664445600000,O2_sat1_Avg(60m),94.96432,Boya (Isla del Barón),37.70940,-0.78552,0
1664536058301,1664445600000,O2_sat2_Avg(60m),95.10929,Boya (Isla del Barón),37.70940,-0.78552,0
1664536058301,1664445600000,O2_sat3_Avg(60m),95.92012,Boya (Isla del Barón),37.70940,-0.78552,0
1664536058301,1664445600000,O2_conc1_Avg(60m),8.037466,Boya (Isla del Barón),37.70940,-0.78552,0
1664536058302,1664445600000,SDI_Cond_1m(60m),62534.77,Boya (Isla del Barón),37.70940,-0.78552,0
1664536058302,1664445600000,SDI_TempCorrCond_3m(60m),63996.08,Boya (Isla del Barón),37.70940,-0.78552,0
1664536058302,1664445600000,SDI_Cond_6m(60m),62094.99,Boya (Isla del Barón),37.70940,-0.78552,0
1664536058302,1664445600000,SDI_TempCorrCond_1m(60m),64224.46,Boya (Isla del Barón),37.70940,-0.78552,0
1664536058302,1664445600000,O2_conc2_Avg(60m),8.048424,Boya (Isla del Barón),37.70940,-0.78552,0
1664536058302,1664445600000,O2_conc3_Avg(60m),8.1089,Boya (Isla del Barón),37.70940,-0.78552,0
1664536058302,1664445600000,SDI_Cond_3m(60m),62161.82,Boya (Isla del Barón),37.70940,-0.78552,0
1664536058303,1664445600000,Mean_Turb_NTU(60m),1.570729,Boya (Isla del Barón),37.70940,-0.78552,0
1664536058303,1664445600000,SDI_TempCorrCond_6m(60m),63674.43,Boya (Isla del Barón),37.70940,-0.78552,0
1664536058303,1664445600000,Mean_Chl_ugl(60m),0.6269416,Boya (Isla del Barón),37.70940,-0.78552,0
1664539567979,1664449200000,Air_Temp_HS_Avg(60m),24.69105,Boya (Isla del Barón),37.70940,-0.78552,0
1664539567979,1664449200000,RelHumidity_Avg(60m),41.2848,Boya (Isla del Barón),37.70940,-0.78552,0
1664539567980,1664449200000,Vapor_Pressure_Avg(60m),1.280103,Boya (Isla del Barón),37.70940,-0.78552,0
1664539567980,1664449200000,WS_ms_Avg(60m),1.09,Boya (Isla del Barón),37.70940,-0.78552,0
1664539567980,1664449200000,WS_ms_Std(60m),0.53,Boya (Isla del Barón),37.70940,-0.78552,0
1664539567980,1664449200000,WS3_Avg(60m),2.18545,Boya (Isla del Barón),37.70940,-0.78552,0
1664539567980,1664449200000,WTemp_C1_Avg(60m),23.8208,Boya (Isla del Barón),37.70940,-0.78552,0
1664539567980,1664449200000,ThermTemp2_Avg(60m),24.0725,Boya (Isla del Barón),37.70940,-0.78552,0
1664539567980,1664449200000,WS_ms_Max(60m),2.3,Boya (Isla del Barón),37.70940,-0.78552,0
1664539567980,1664449200000,ThermTemp1_Avg(60m),24.03195,Boya (Isla del Barón),37.70940,-0.78552,0
1664539567980,1664449200000,SDI_Temp_1m(60m),23.69,Boya (Isla del Barón),37.70940,-0.78552,0
1664539567980,1664449200000,ThermTemp3_Avg(60m),24.07018,Boya (Isla del Barón),37.70940,-0.78552,0
1664539567981,1664449200000,ThermTemp6_Avg(60m),24.16632,Boya (Isla del Barón),37.70940,-0.78552,0
1664539567981,1664449200000,ThermTemp4_Avg(60m),24.04684,Boya (Isla del Barón),37.70940,-0.78552,0
1664539567981,1664449200000,WTemp_C2_Avg(60m),23.87268,Boya (Isla del Barón),37.70940,-0.78552,0
1664539567981,1664449200000,SDI_Temp_3m(60m),23.83,Boya (Isla del Barón),37.70940,-0.78552,0
1664539567981,1664449200000,ThermTemp5_Avg(60m),24.04992,Boya (Isla del Barón),37.70940,-0.78552,0
1664539567981,1664449200000,SDI_Temp_6m(60m),23.9,Boya (Isla del Barón),37.70940,-0.78552,0
1664539567981,1664449200000,WTemp_C3_Avg(60m),23.98614,Boya (Isla del Barón),37.70940,-0.78552,0
1664539567982,1664449200000,O2_conc3_Avg(60m),8.69133,Boya (Isla del Barón),37.70940,-0.78552,0
1664539567982,1664449200000,SDI_Cond_3m(60m),62361.11,Boya (Isla del Barón),37.70940,-0.78552,0
1664539567982,1664449200000,O2_sat2_Avg(60m),100.5931,Boya (Isla del Barón),37.70940,-0.78552,0
1664539567982,1664449200000,O2_conc1_Avg(60m),8.50229,Boya (Isla del Barón),37.70940,-0.78552,0
1664539567982,1664449200000,SDI_Cond_1m(60m),62510.66,Boya (Isla del Barón),37.70940,-0.78552,0
1664539567982,1664449200000,SDI_Cond_6m(60m),62349.89,Boya (Isla del Barón),37.70940,-0.78552,0
1664539567982,1664449200000,SDI_TempCorrCond_6m(60m),63757.29,Boya (Isla del Barón),37.70940,-0.78552,0
1664539567982,1664449200000,Mean_Chl_ugl(60m),0.5562904,Boya (Isla del Barón),37.70940,-0.78552,0
1664539567982,1664449200000,O2_sat1_Avg(60m),100.668,Boya (Isla del Barón),37.70940,-0.78552,0
1664539567982,1664449200000,O2_sat3_Avg(60m),103.2271,Boya (Isla del Barón),37.70940,-0.78552,0
1664539567982,1664449200000,O2_conc2_Avg(60m),8.487684,Boya (Isla del Barón),37.70940,-0.78552,0
1664539567982,1664449200000,SDI_TempCorrCond_1m(60m),64180.78,Boya (Isla del Barón),37.70940,-0.78552,0
1664539567982,1664449200000,SDI_TempCorrCond_3m(60m),63839.08,Boya (Isla del Barón),37.70940,-0.78552,0
1664539567982,1664449200000,Mean_Turb_NTU(60m),1.496,Boya (Isla del Barón),37.70940,-0.78552,0
1664543199702,1664452800000,Air_Temp_HS_Avg(60m),23.92524,Boya (Isla del Barón),37.70940,-0.78552,0
1664543199702,1664452800000,Vapor_Pressure_Avg(60m),1.587639,Boya (Isla del Barón),37.70940,-0.78552,0
1664543199702,1664452800000,WS_ms_Std(60m),0.31,Boya (Isla del Barón),37.70940,-0.78552,0
1664543199702,1664452800000,ThermTemp1_Avg(60m),24.13181,Boya (Isla del Barón),37.70940,-0.78552,0
1664543199702,1664452800000,WTemp_C1_Avg(60m),23.95502,Boya (Isla del Barón),37.70940,-0.78552,0
1664543199702,1664452800000,WS_ms_Avg(60m),1.896,Boya (Isla del Barón),37.70940,-0.78552,0
1664543199702,1664452800000,WS_ms_Max(60m),2.575,Boya (Isla del Barón),37.70940,-0.78552,0
1664543199702,1664452800000,WS3_Avg(60m),7.355502,Boya (Isla del Barón),37.70940,-0.78552,0
1664543199702,1664452800000,RelHumidity_Avg(60m),53.50212,Boya (Isla del Barón),37.70940,-0.78552,0
1664543199703,1664452800000,SDI_Temp_1m(60m),23.89,Boya (Isla del Barón),37.70940,-0.78552,0
1664543199703,1664452800000,ThermTemp2_Avg(60m),24.22227,Boya (Isla del Barón),37.70940,-0.78552,0
1664543199703,1664452800000,ThermTemp4_Avg(60m),24.14075,Boya (Isla del Barón),37.70940,-0.78552,0
1664543199703,1664452800000,SDI_Temp_3m(60m),23.86,Boya (Isla del Barón),37.70940,-0.78552,0
1664543199703,1664452800000,ThermTemp3_Avg(60m),24.20584,Boya (Isla del Barón),37.70940,-0.78552,0
1664543199703,1664452800000,WTemp_C2_Avg(60m),23.97159,Boya (Isla del Barón),37.70940,-0.78552,0
1664543199704,1664452800000,ThermTemp6_Avg(60m),24.26045,Boya (Isla del Barón),37.70940,-0.78552,0
1664543199704,1664452800000,SDI_Temp_6m(60m),23.82,Boya (Isla del Barón),37.70940,-0.78552,0
1664543199704,1664452800000,O2_sat1_Avg(60m),107.7145,Boya (Isla del Barón),37.70940,-0.78552,0
1664543199704,1664452800000,O2_sat2_Avg(60m),106.8198,Boya (Isla del Barón),37.70940,-0.78552,0
1664543199704,1664452800000,O2_sat3_Avg(60m),109.1538,Boya (Isla del Barón),37.70940,-0.78552,0
1664543199704,1664452800000,O2_conc1_Avg(60m),9.07468,Boya (Isla del Barón),37.70940,-0.78552,0
1664543199704,1664452800000,SDI_TempCorrCond_1m(60m),64096.6,Boya (Isla del Barón),37.70940,-0.78552,0
1664543199704,1664452800000,SDI_TempCorrCond_3m(60m),63708.55,Boya (Isla del Barón),37.70940,-0.78552,0
1664543199704,1664452800000,ThermTemp5_Avg(60m),24.14667,Boya (Isla del Barón),37.70940,-0.78552,0
1664543199704,1664452800000,WTemp_C3_Avg(60m),24.05568,Boya (Isla del Barón),37.70940,-0.78552,0
1664543199704,1664452800000,O2_conc3_Avg(60m),9.178721,Boya (Isla del Barón),37.70940,-0.78552,0
1664543199704,1664452800000,SDI_Cond_1m(60m),62681.79,Boya (Isla del Barón),37.70940,-0.78552,0
1664543199704,1664452800000,SDI_Cond_6m(60m),62221.3,Boya (Isla del Barón),37.70940,-0.78552,0
1664543199704,1664452800000,O2_conc2_Avg(60m),8.996556,Boya (Isla del Barón),37.70940,-0.78552,0
1664543199704,1664452800000,SDI_Cond_3m(60m),62254.3,Boya (Isla del Barón),37.70940,-0.78552,0
1664543199704,1664452800000,SDI_TempCorrCond_6m(60m),63729.5,Boya (Isla del Barón),37.70940,-0.78552,0
1664543199705,1664452800000,Mean_Turb_NTU(60m),1.574094,Boya (Isla del Barón),37.70940,-0.78552,0
1664543199705,1664452800000,Mean_Chl_ugl(60m),0.5814053,Boya (Isla del Barón),37.70940,-0.78552,0
1664546862394,1664456400000,RelHumidity_Avg(60m),51.89081,Boya (Isla del Barón),37.70940,-0.78552,0
1664546862394,1664456400000,Air_Temp_HS_Avg(60m),24.0838,Boya (Isla del Barón),37.70940,-0.78552,0
1664546862395,1664456400000,WS_ms_Avg(60m),2.155,Boya (Isla del Barón),37.70940,-0.78552,0
1664546862395,1664456400000,Vapor_Pressure_Avg(60m),1.555742,Boya (Isla del Barón),37.70940,-0.78552,0
1664546862396,1664456400000,WS_ms_Std(60m),0.256,Boya (Isla del Barón),37.70940,-0.78552,0
1664546862396,1664456400000,ThermTemp2_Avg(60m),24.32205,Boya (Isla del Barón),37.70940,-0.78552,0
1664546862396,1664456400000,ThermTemp5_Avg(60m),24.26876,Boya (Isla del Barón),37.70940,-0.78552,0
1664546862396,1664456400000,SDI_Temp_6m(60m),24.03,Boya (Isla del Barón),37.70940,-0.78552,0
1664546862396,1664456400000,ThermTemp1_Avg(60m),24.24026,Boya (Isla del Barón),37.70940,-0.78552,0
1664546862396,1664456400000,SDI_Temp_1m(60m),24.16,Boya (Isla del Barón),37.70940,-0.78552,0
1664546862396,1664456400000,WTemp_C2_Avg(60m),24.08175,Boya (Isla del Barón),37.70940,-0.78552,0
1664546862396,1664456400000,ThermTemp6_Avg(60m),24.36742,Boya (Isla del Barón),37.70940,-0.78552,0
1664546862396,1664456400000,WS_ms_Max(60m),2.75,Boya (Isla del Barón),37.70940,-0.78552,0
1664546862396,1664456400000,WS3_Avg(60m),10.42773,Boya (Isla del Barón),37.70940,-0.78552,0
1664546862396,1664456400000,WTemp_C1_Avg(60m),24.07128,Boya (Isla del Barón),37.70940,-0.78552,0
1664546862396,1664456400000,ThermTemp3_Avg(60m),24.31315,Boya (Isla del Barón),37.70940,-0.78552,0
1664546862396,1664456400000,ThermTemp4_Avg(60m),24.2562,Boya (Isla del Barón),37.70940,-0.78552,0
1664546862396,1664456400000,SDI_Temp_3m(60m),24.21,Boya (Isla del Barón),37.70940,-0.78552,0
1664546862397,1664456400000,WTemp_C3_Avg(60m),24.15647,Boya (Isla del Barón),37.70940,-0.78552,0
1664546862397,1664456400000,O2_sat2_Avg(60m),110.511,Boya (Isla del Barón),37.70940,-0.78552,0
1664546862397,1664456400000,O2_conc1_Avg(60m),9.284231,Boya (Isla del Barón),37.70940,-0.78552,0
1664546862397,1664456400000,O2_conc2_Avg(60m),9.288085,Boya (Isla del Barón),37.70940,-0.78552,0
1664546862397,1664456400000,O2_sat1_Avg(60m),110.4417,Boya (Isla del Barón),37.70940,-0.78552,0
1664546862397,1664456400000,O2_sat3_Avg(60m),113.3191,Boya (Isla del Barón),37.70940,-0.78552,0
1664546862398,1664456400000,SDI_Cond_3m(60m),62592.72,Boya (Isla del Barón),37.70940,-0.78552,0
1664546862398,1664456400000,SDI_Cond_6m(60m),62525.85,Boya (Isla del Barón),37.70940,-0.78552,0
1664546862398,1664456400000,O2_conc3_Avg(60m),9.510786,Boya (Isla del Barón),37.70940,-0.78552,0
1664546862398,1664456400000,SDI_Cond_1m(60m),63051.17,Boya (Isla del Barón),37.70940,-0.78552,0
1664546862399,1664456400000,SDI_TempCorrCond_3m(60m),63597.85,Boya (Isla del Barón),37.70940,-0.78552,0
1664546862399,1664456400000,SDI_TempCorrCond_6m(60m),63771.09,Boya (Isla del Barón),37.70940,-0.78552,0
1664546862399,1664456400000,Mean_Chl_ugl(60m),0.5648592,Boya (Isla del Barón),37.70940,-0.78552,0
1664546862399,1664456400000,Mean_Turb_NTU(60m),1.564994,Boya (Isla del Barón),37.70940,-0.78552,0
1664546862399,1664456400000,SDI_TempCorrCond_1m(60m),64121.98,Boya (Isla del Barón),37.70940,-0.78552,0
1664550311775,1664460000000,WS_ms_Std(60m),0.472,Boya (Isla del Barón),37.70940,-0.78552,0
1664550311775,1664460000000,Vapor_Pressure_Avg(60m),1.6205,Boya (Isla del Barón),37.70940,-0.78552,0
1664550311775,1664460000000,WS3_Avg(60m),28.68104,Boya (Isla del Barón),37.70940,-0.78552,0
1664550311775,1664460000000,Air_Temp_HS_Avg(60m),24.12257,Boya (Isla del Barón),37.70940,-0.78552,0
1664550311775,1664460000000,RelHumidity_Avg(60m),53.93283,Boya (Isla del Barón),37.70940,-0.78552,0
1664550311775,1664460000000,WS_ms_Avg(60m),2.989,Boya (Isla del Barón),37.70940,-0.78552,0
1664550311775,1664460000000,WS_ms_Max(60m),3.9,Boya (Isla del Barón),37.70940,-0.78552,0
1664550311776,1664460000000,WTemp_C1_Avg(60m),24.21617,Boya (Isla del Barón),37.70940,-0.78552,0
1664550311776,1664460000000,ThermTemp2_Avg(60m),24.46636,Boya (Isla del Barón),37.70940,-0.78552,0
1664550311776,1664460000000,ThermTemp1_Avg(60m),24.3877,Boya (Isla del Barón),37.70940,-0.78552,0
1664550311776,1664460000000,SDI_Temp_1m(60m),24.03,Boya (Isla del Barón),37.70940,-0.78552,0
1664550311777,1664460000000,ThermTemp3_Avg(60m),24.46314,Boya (Isla del Barón),37.70940,-0.78552,0
1664550311777,1664460000000,SDI_Temp_3m(60m),24.05,Boya (Isla del Barón),37.70940,-0.78552,0
1664550311777,1664460000000,ThermTemp6_Avg(60m),24.51405,Boya (Isla del Barón),37.70940,-0.78552,0
1664550311777,1664460000000,WTemp_C2_Avg(60m),24.22178,Boya (Isla del Barón),37.70940,-0.78552,0
1664550311777,1664460000000,ThermTemp4_Avg(60m),24.40357,Boya (Isla del Barón),37.70940,-0.78552,0
1664550311777,1664460000000,ThermTemp5_Avg(60m),24.41826,Boya (Isla del Barón),37.70940,-0.78552,0
1664550311778,1664460000000,SDI_Temp_6m(60m),24.2,Boya (Isla del Barón),37.70940,-0.78552,0
1664550311778,1664460000000,WTemp_C3_Avg(60m),24.27398,Boya (Isla del Barón),37.70940,-0.78552,0
1664550311778,1664460000000,O2_sat2_Avg(60m),115.7839,Boya (Isla del Barón),37.70940,-0.78552,0
1664550311778,1664460000000,O2_conc3_Avg(60m),9.982716,Boya (Isla del Barón),37.70940,-0.78552,0
1664550311778,1664460000000,SDI_TempCorrCond_1m(60m),64232.1,Boya (Isla del Barón),37.70940,-0.78552,0
1664550311778,1664460000000,O2_sat1_Avg(60m),115.1935,Boya (Isla del Barón),37.70940,-0.78552,0
1664550311778,1664460000000,O2_sat3_Avg(60m),119.1997,Boya (Isla del Barón),37.70940,-0.78552,0
1664550311778,1664460000000,SDI_Cond_3m(60m),62723.6,Boya (Isla del Barón),37.70940,-0.78552,0
1664550311778,1664460000000,SDI_Cond_6m(60m),62628.85,Boya (Isla del Barón),37.70940,-0.78552,0
1664550311778,1664460000000,O2_conc1_Avg(60m),9.657579,Boya (Isla del Barón),37.70940,-0.78552,0
1664550311778,1664460000000,O2_conc2_Avg(60m),9.706087,Boya (Isla del Barón),37.70940,-0.78552,0
1664550311778,1664460000000,SDI_Cond_1m(60m),62968.99,Boya (Isla del Barón),37.70940,-0.78552,0
1664550311778,1664460000000,SDI_TempCorrCond_3m(60m),63940.92,Boya (Isla del Barón),37.70940,-0.78552,0
1664550311779,1664460000000,SDI_TempCorrCond_6m(60m),63657.79,Boya (Isla del Barón),37.70940,-0.78552,0
1664550311779,1664460000000,Mean_Chl_ugl(60m),0.6261784,Boya (Isla del Barón),37.70940,-0.78552,0
1664550311779,1664460000000,Mean_Turb_NTU(60m),1.653073,Boya (Isla del Barón),37.70940,-0.78552,0
1664554002163,1664463600000,Air_Temp_HS_Avg(60m),23.88668,Boya (Isla del Barón),37.70940,-0.78552,0
1664554002163,1664463600000,WS_ms_Avg(60m),3.689,Boya (Isla del Barón),37.70940,-0.78552,0
1664554002163,1664463600000,WS_ms_Std(60m),0.371,Boya (Isla del Barón),37.70940,-0.78552,0
1664554002163,1664463600000,WS_ms_Max(60m),4.525,Boya (Isla del Barón),37.70940,-0.78552,0
1664554002163,1664463600000,RelHumidity_Avg(60m),60.38151,Boya (Isla del Barón),37.70940,-0.78552,0
1664554002163,1664463600000,Vapor_Pressure_Avg(60m),1.788816,Boya (Isla del Barón),37.70940,-0.78552,0
1664554002163,1664463600000,WS3_Avg(60m),51.70063,Boya (Isla del Barón),37.70940,-0.78552,0
1664554002164,1664463600000,WTemp_C1_Avg(60m),24.2387,Boya (Isla del Barón),37.70940,-0.78552,0
1664554002164,1664463600000,ThermTemp2_Avg(60m),24.48915,Boya (Isla del Barón),37.70940,-0.78552,0
1664554002164,1664463600000,ThermTemp3_Avg(60m),24.48255,Boya (Isla del Barón),37.70940,-0.78552,0
1664554002164,1664463600000,ThermTemp4_Avg(60m),24.41896,Boya (Isla del Barón),37.70940,-0.78552,0
1664554002164,1664463600000,ThermTemp1_Avg(60m),24.40214,Boya (Isla del Barón),37.70940,-0.78552,0
1664554002164,1664463600000,SDI_Temp_1m(60m),24.23,Boya (Isla del Barón),37.70940,-0.78552,0
1664554002165,1664463600000,ThermTemp5_Avg(60m),24.43007,Boya (Isla del Barón),37.70940,-0.78552,0
1664554002165,1664463600000,SDI_Temp_6m(60m),24.11,Boya (Isla del Barón),37.70940,-0.78552,0
1664554002165,1664463600000,O2_conc1_Avg(60m),9.944059,Boya (Isla del Barón),37.70940,-0.78552,0
1664554002165,1664463600000,SDI_Temp_3m(60m),24.05,Boya (Isla del Barón),37.70940,-0.78552,0
1664554002165,1664463600000,O2_sat1_Avg(60m),118.6601,Boya (Isla del Barón),37.70940,-0.78552,0
1664554002165,1664463600000,O2_sat2_Avg(60m),117.5864,Boya (Isla del Barón),37.70940,-0.78552,0
1664554002165,1664463600000,O2_conc2_Avg(60m),9.855447,Boya (Isla del Barón),37.70940,-0.78552,0
1664554002165,1664463600000,WTemp_C2_Avg(60m),24.23126,Boya (Isla del Barón),37.70940,-0.78552,0
1664554002165,1664463600000,ThermTemp6_Avg(60m),24.52932,Boya (Isla del Barón),37.70940,-0.78552,0
1664554002165,1664463600000,WTemp_C3_Avg(60m),24.26627,Boya (Isla del Barón),37.70940,-0.78552,0
1664554002165,1664463600000,O2_sat3_Avg(60m),120.7765,Boya (Isla del Barón),37.70940,-0.78552,0
1664554002166,1664463600000,O2_conc3_Avg(60m),10.11623,Boya (Isla del Barón),37.70940,-0.78552,0
1664554002166,1664463600000,SDI_Cond_1m(60m),63082.81,Boya (Isla del Barón),37.70940,-0.78552,0
1664554002167,1664463600000,SDI_Cond_3m(60m),62740.89,Boya (Isla del Barón),37.70940,-0.78552,0
1664554002167,1664463600000,SDI_TempCorrCond_6m(60m),63865.4,Boya (Isla del Barón),37.70940,-0.78552,0
1664554002167,1664463600000,SDI_TempCorrCond_1m(60m),64076.29,Boya (Isla del Barón),37.70940,-0.78552,0
1664554002167,1664463600000,SDI_TempCorrCond_3m(60m),63925.56,Boya (Isla del Barón),37.70940,-0.78552,0
1664554002167,1664463600000,Mean_Chl_ugl(60m),0.6458835,Boya (Isla del Barón),37.70940,-0.78552,0
1664554002167,1664463600000,Mean_Turb_NTU(60m),1.629293,Boya (Isla del Barón),37.70940,-0.78552,0
1664554002167,1664463600000,SDI_Cond_6m(60m),62741.66,Boya (Isla del Barón),37.70940,-0.78552,0
1664557669088,1664467200000,Vapor_Pressure_Avg(60m),2.061846,Boya (Isla del Barón),37.70940,-0.78552,0
1664557669088,1664467200000,RelHumidity_Avg(60m),68.23729,Boya (Isla del Barón),37.70940,-0.78552,0
1664557669088,1664467200000,Air_Temp_HS_Avg(60m),24.21494,Boya (Isla del Barón),37.70940,-0.78552,0
1664557669089,1664467200000,WS_ms_Avg(60m),3.069,Boya (Isla del Barón),37.70940,-0.78552,0
1664557669089,1664467200000,WS_ms_Std(60m),0.394,Boya (Isla del Barón),37.70940,-0.78552,0
1664557669089,1664467200000,WS_ms_Max(60m),4.075,Boya (Isla del Barón),37.70940,-0.78552,0
1664557669089,1664467200000,WS3_Avg(60m),30.37383,Boya (Isla del Barón),37.70940,-0.78552,0
1664557669089,1664467200000,ThermTemp1_Avg(60m),24.38547,Boya (Isla del Barón),37.70940,-0.78552,0
1664557669089,1664467200000,WTemp_C1_Avg(60m),24.22362,Boya (Isla del Barón),37.70940,-0.78552,0
1664557669090,1664467200000,ThermTemp5_Avg(60m),24.41541,Boya (Isla del Barón),37.70940,-0.78552,0
1664557669090,1664467200000,O2_sat1_Avg(60m),119.2443,Boya (Isla del Barón),37.70940,-0.78552,0
1664557669090,1664467200000,O2_conc1_Avg(60m),9.995826,Boya (Isla del Barón),37.70940,-0.78552,0
1664557669090,1664467200000,SDI_Temp_1m(60m),24.19,Boya (Isla del Barón),37.70940,-0.78552,0
1664557669090,1664467200000,ThermTemp3_Avg(60m),24.46546,Boya (Isla del Barón),37.70940,-0.78552,0
1664557669090,1664467200000,ThermTemp4_Avg(60m),24.40068,Boya (Isla del Barón),37.70940,-0.78552,0
1664557669090,1664467200000,WTemp_C2_Avg(60m),24.21823,Boya (Isla del Barón),37.70940,-0.78552,0
1664557669090,1664467200000,SDI_Temp_6m(60m),23.98,Boya (Isla del Barón),37.70940,-0.78552,0
1664557669090,1664467200000,WTemp_C3_Avg(60m),24.25179,Boya (Isla del Barón),37.70940,-0.78552,0
1664557669090,1664467200000,O2_sat2_Avg(60m),117.6225,Boya (Isla del Barón),37.70940,-0.78552,0
1664557669090,1664467200000,O2_sat3_Avg(60m),120.7426,Boya (Isla del Barón),37.70940,-0.78552,0
1664557669090,1664467200000,O2_conc2_Avg(60m),9.860865,Boya (Isla del Barón),37.70940,-0.78552,0
1664557669090,1664467200000,ThermTemp2_Avg(60m),24.47156,Boya (Isla del Barón),37.70940,-0.78552,0
1664557669090,1664467200000,SDI_Temp_3m(60m),24.17,Boya (Isla del Barón),37.70940,-0.78552,0
1664557669090,1664467200000,ThermTemp6_Avg(60m),24.51061,Boya (Isla del Barón),37.70940,-0.78552,0
1664557669091,1664467200000,SDI_Cond_6m(60m),62708.57,Boya (Isla del Barón),37.70940,-0.78552,0
1664557669091,1664467200000,SDI_TempCorrCond_1m(60m),64059.08,Boya (Isla del Barón),37.70940,-0.78552,0
1664557669091,1664467200000,SDI_TempCorrCond_6m(60m),64016.91,Boya (Isla del Barón),37.70940,-0.78552,0
1664557669091,1664467200000,Mean_Chl_ugl(60m),0.680461,Boya (Isla del Barón),37.70940,-0.78552,0
1664557669091,1664467200000,Mean_Turb_NTU(60m),1.627453,Boya (Isla del Barón),37.70940,-0.78552,0
1664557669091,1664467200000,SDI_Cond_3m(60m),62710.81,Boya (Isla del Barón),37.70940,-0.78552,0
1664557669091,1664467200000,SDI_TempCorrCond_3m(60m),63755.55,Boya (Isla del Barón),37.70940,-0.78552,0
1664557669091,1664467200000,O2_conc3_Avg(60m),10.11611,Boya (Isla del Barón),37.70940,-0.78552,0
1664557669091,1664467200000,SDI_Cond_1m(60m),63046.62,Boya (Isla del Barón),37.70940,-0.78552,0
1664561258355,1664470800000,Air_Temp_HS_Avg(60m),24.5006,Boya (Isla del Barón),37.70940,-0.78552,0
1664561258355,1664470800000,RelHumidity_Avg(60m),60.7368,Boya (Isla del Barón),37.70940,-0.78552,0
1664561258355,1664470800000,WS_ms_Max(60m),3.1,Boya (Isla del Barón),37.70940,-0.78552,0
1664561258355,1664470800000,Vapor_Pressure_Avg(60m),1.866835,Boya (Isla del Barón),37.70940,-0.78552,0
1664561258355,1664470800000,WS_ms_Avg(60m),2.257,Boya (Isla del Barón),37.70940,-0.78552,0
1664561258355,1664470800000,WS_ms_Std(60m),0.452,Boya (Isla del Barón),37.70940,-0.78552,0
1664561258355,1664470800000,WS3_Avg(60m),12.85322,Boya (Isla del Barón),37.70940,-0.78552,0
1664561258356,1664470800000,ThermTemp2_Avg(60m),24.39513,Boya (Isla del Barón),37.70940,-0.78552,0
1664561258356,1664470800000,ThermTemp3_Avg(60m),24.39441,Boya (Isla del Barón),37.70940,-0.78552,0
1664561258356,1664470800000,ThermTemp1_Avg(60m),24.32255,Boya (Isla del Barón),37.70940,-0.78552,0
1664561258356,1664470800000,WTemp_C1_Avg(60m),24.15198,Boya (Isla del Barón),37.70940,-0.78552,0
1664561258356,1664470800000,SDI_Temp_1m(60m),23.88,Boya (Isla del Barón),37.70940,-0.78552,0
1664561258357,1664470800000,ThermTemp4_Avg(60m),24.34014,Boya (Isla del Barón),37.70940,-0.78552,0
1664561258357,1664470800000,WTemp_C2_Avg(60m),24.15847,Boya (Isla del Barón),37.70940,-0.78552,0
1664561258358,1664470800000,ThermTemp5_Avg(60m),24.35575,Boya (Isla del Barón),37.70940,-0.78552,0
1664561258358,1664470800000,ThermTemp6_Avg(60m),24.44878,Boya (Isla del Barón),37.70940,-0.78552,0
1664561258358,1664470800000,SDI_Cond_3m(60m),62629.57,Boya (Isla del Barón),37.70940,-0.78552,0
1664561258358,1664470800000,WTemp_C3_Avg(60m),24.18786,Boya (Isla del Barón),37.70940,-0.78552,0
1664561258358,1664470800000,O2_sat3_Avg(60m),115.4354,Boya (Isla del Barón),37.70940,-0.78552,0
1664561258358,1664470800000,O2_conc2_Avg(60m),9.485572,Boya (Isla del Barón),37.70940,-0.78552,0
1664561258358,1664470800000,SDI_Temp_3m(60m),24.03,Boya (Isla del Barón),37.70940,-0.78552,0
1664561258358,1664470800000,SDI_Temp_6m(60m),24.0,Boya (Isla del Barón),37.70940,-0.78552,0
1664561258358,1664470800000,O2_sat1_Avg(60m),113.4211,Boya (Isla del Barón),37.70940,-0.78552,0
1664561258358,1664470800000,O2_sat2_Avg(60m),113.0214,Boya (Isla del Barón),37.70940,-0.78552,0
1664561258358,1664470800000,O2_conc1_Avg(60m),9.520281,Boya (Isla del Barón),37.70940,-0.78552,0
1664561258358,1664470800000,O2_conc3_Avg(60m),9.682851,Boya (Isla del Barón),37.70940,-0.78552,0
1664561258358,1664470800000,SDI_Cond_1m(60m),62979.53,Boya (Isla del Barón),37.70940,-0.78552,0
1664561258359,1664470800000,Mean_Turb_NTU(60m),1.619488,Boya (Isla del Barón),37.70940,-0.78552,0
1664561258359,1664470800000,SDI_Cond_6m(60m),62651.42,Boya (Isla del Barón),37.70940,-0.78552,0
1664561258359,1664470800000,SDI_TempCorrCond_6m(60m),63953.19,Boya (Isla del Barón),37.70940,-0.78552,0
1664561258359,1664470800000,Mean_Chl_ugl(60m),0.6697298,Boya (Isla del Barón),37.70940,-0.78552,0
1664561258359,1664470800000,SDI_TempCorrCond_1m(60m),64412.99,Boya (Isla del Barón),37.70940,-0.78552,0
1664561258359,1664470800000,SDI_TempCorrCond_3m(60m),63843.07,Boya (Isla del Barón),37.70940,-0.78552,0
1664564897266,1664474400000,Vapor_Pressure_Avg(60m),1.871044,Boya (Isla del Barón),37.70940,-0.78552,0
1664564897266,1664474400000,WS_ms_Avg(60m),1.569,Boya (Isla del Barón),37.70940,-0.78552,0
1664564897266,1664474400000,WS_ms_Max(60m),3.0,Boya (Isla del Barón),37.70940,-0.78552,0
1664564897266,1664474400000,ThermTemp1_Avg(60m),24.27986,Boya (Isla del Barón),37.70940,-0.78552,0
1664564897266,1664474400000,SDI_Temp_1m(60m),24.03,Boya (Isla del Barón),37.70940,-0.78552,0
1664564897266,1664474400000,ThermTemp4_Avg(60m),24.29243,Boya (Isla del Barón),37.70940,-0.78552,0
1664564897266,1664474400000,WTemp_C2_Avg(60m),24.11651,Boya (Isla del Barón),37.70940,-0.78552,0
1664564897266,1664474400000,ThermTemp6_Avg(60m),24.40247,Boya (Isla del Barón),37.70940,-0.78552,0
1664564897266,1664474400000,Air_Temp_HS_Avg(60m),23.67967,Boya (Isla del Barón),37.70940,-0.78552,0
1664564897266,1664474400000,WS3_Avg(60m),6.207523,Boya (Isla del Barón),37.70940,-0.78552,0
1664564897266,1664474400000,WTemp_C1_Avg(60m),24.1111,Boya (Isla del Barón),37.70940,-0.78552,0
1664564897266,1664474400000,ThermTemp2_Avg(60m),24.35771,Boya (Isla del Barón),37.70940,-0.78552,0
1664564897266,1664474400000,ThermTemp3_Avg(60m),24.35669,Boya (Isla del Barón),37.70940,-0.78552,0
1664564897266,1664474400000,ThermTemp5_Avg(60m),24.31143,Boya (Isla del Barón),37.70940,-0.78552,0
1664564897266,1664474400000,RelHumidity_Avg(60m),63.93853,Boya (Isla del Barón),37.70940,-0.78552,0
1664564897266,1664474400000,WS_ms_Std(60m),0.699,Boya (Isla del Barón),37.70940,-0.78552,0
1664564897266,1664474400000,SDI_Temp_3m(60m),24.05,Boya (Isla del Barón),37.70940,-0.78552,0
1664564897267,1664474400000,WTemp_C3_Avg(60m),24.14271,Boya (Isla del Barón),37.70940,-0.78552,0
1664564897267,1664474400000,O2_sat3_Avg(60m),108.0449,Boya (Isla del Barón),37.70940,-0.78552,0
1664564897267,1664474400000,O2_conc2_Avg(60m),8.942437,Boya (Isla del Barón),37.70940,-0.78552,0
1664564897267,1664474400000,SDI_Cond_6m(60m),62600.26,Boya (Isla del Barón),37.70940,-0.78552,0
1664564897267,1664474400000,SDI_TempCorrCond_1m(60m),64211.21,Boya (Isla del Barón),37.70940,-0.78552,0
1664564897267,1664474400000,Mean_Chl_ugl(60m),0.6232453,Boya (Isla del Barón),37.70940,-0.78552,0
1664564897267,1664474400000,SDI_Cond_3m(60m),62640.11,Boya (Isla del Barón),37.70940,-0.78552,0
1664564897267,1664474400000,SDI_TempCorrCond_3m(60m),63848.6,Boya (Isla del Barón),37.70940,-0.78552,0
1664564897267,1664474400000,SDI_TempCorrCond_6m(60m),64036.33,Boya (Isla del Barón),37.70940,-0.78552,0
1664564897267,1664474400000,SDI_Temp_6m(60m),23.88,Boya (Isla del Barón),37.70940,-0.78552,0
1664564897267,1664474400000,O2_sat1_Avg(60m),106.5926,Boya (Isla del Barón),37.70940,-0.78552,0
1664564897267,1664474400000,O2_sat2_Avg(60m),106.4655,Boya (Isla del Barón),37.70940,-0.78552,0
1664564897267,1664474400000,O2_conc1_Avg(60m),8.953998,Boya (Isla del Barón),37.70940,-0.78552,0
1664564897267,1664474400000,O2_conc3_Avg(60m),9.070652,Boya (Isla del Barón),37.70940,-0.78552,0
1664564897267,1664474400000,SDI_Cond_1m(60m),62948.62,Boya (Isla del Barón),37.70940,-0.78552,0
1664564897269,1664474400000,Mean_Turb_NTU(60m),1.660553,Boya (Isla del Barón),37.70940,-0.78552,0
1664568551375,1664478000000,Air_Temp_HS_Avg(60m),23.68782,Boya (Isla del Barón),37.70940,-0.78552,0
1664568551375,1664478000000,WS_ms_Max(60m),4.0,Boya (Isla del Barón),37.70940,-0.78552,0
1664568551375,1664478000000,SDI_Temp_1m(60m),23.89,Boya (Isla del Barón),37.70940,-0.78552,0
1664568551375,1664478000000,WTemp_C2_Avg(60m),24.04328,Boya (Isla del Barón),37.70940,-0.78552,0
1664568551375,1664478000000,WTemp_C3_Avg(60m),24.06404,Boya (Isla del Barón),37.70940,-0.78552,0
1664568551375,1664478000000,O2_conc1_Avg(60m),8.553051,Boya (Isla del Barón),37.70940,-0.78552,0
1664568551375,1664478000000,SDI_Cond_1m(60m),62765.45,Boya (Isla del Barón),37.70940,-0.78552,0
1664568551375,1664478000000,SDI_Cond_6m(60m),62620.58,Boya (Isla del Barón),37.70940,-0.78552,0
1664568551375,1664478000000,WS_ms_Std(60m),0.936,Boya (Isla del Barón),37.70940,-0.78552,0
1664568551375,1664478000000,ThermTemp1_Avg(60m),24.2151,Boya (Isla del Barón),37.70940,-0.78552,0
1664568551375,1664478000000,WTemp_C1_Avg(60m),24.03922,Boya (Isla del Barón),37.70940,-0.78552,0
1664568551375,1664478000000,ThermTemp3_Avg(60m),24.28262,Boya (Isla del Barón),37.70940,-0.78552,0
1664568551375,1664478000000,ThermTemp4_Avg(60m),24.21628,Boya (Isla del Barón),37.70940,-0.78552,0
1664568551375,1664478000000,SDI_Temp_3m(60m),23.83,Boya (Isla del Barón),37.70940,-0.78552,0
1664568551375,1664478000000,ThermTemp6_Avg(60m),24.32557,Boya (Isla del Barón),37.70940,-0.78552,0
1664568551375,1664478000000,O2_sat1_Avg(60m),101.6826,Boya (Isla del Barón),37.70940,-0.78552,0
1664568551375,1664478000000,O2_sat3_Avg(60m),101.9019,Boya (Isla del Barón),37.70940,-0.78552,0
1664568551375,1664478000000,O2_conc3_Avg(60m),8.56753,Boya (Isla del Barón),37.70940,-0.78552,0
1664568551375,1664478000000,SDI_Cond_3m(60m),62577.69,Boya (Isla del Barón),37.70940,-0.78552,0
1664568551375,1664478000000,SDI_TempCorrCond_1m(60m),64184.71,Boya (Isla del Barón),37.70940,-0.78552,0
1664568551375,1664478000000,Mean_Chl_ugl(60m),0.6886829,Boya (Isla del Barón),37.70940,-0.78552,0
1664568551375,1664478000000,RelHumidity_Avg(60m),51.55325,Boya (Isla del Barón),37.70940,-0.78552,0
1664568551375,1664478000000,Vapor_Pressure_Avg(60m),1.506954,Boya (Isla del Barón),37.70940,-0.78552,0
1664568551375,1664478000000,WS_ms_Avg(60m),1.824,Boya (Isla del Barón),37.70940,-0.78552,0
1664568551375,1664478000000,WS3_Avg(60m),10.63607,Boya (Isla del Barón),37.70940,-0.78552,0
1664568551375,1664478000000,ThermTemp2_Avg(60m),24.28286,Boya (Isla del Barón),37.70940,-0.78552,0
1664568551375,1664478000000,ThermTemp5_Avg(60m),24.23539,Boya (Isla del Barón),37.70940,-0.78552,0
1664568551375,1664478000000,SDI_Temp_6m(60m),24.08,Boya (Isla del Barón),37.70940,-0.78552,0
1664568551375,1664478000000,O2_sat2_Avg(60m),101.1759,Boya (Isla del Barón),37.70940,-0.78552,0
1664568551375,1664478000000,O2_conc2_Avg(60m),8.509784,Boya (Isla del Barón),37.70940,-0.78552,0
1664568551375,1664478000000,SDI_TempCorrCond_3m(60m),64054.99,Boya (Isla del Barón),37.70940,-0.78552,0
1664568551375,1664478000000,SDI_TempCorrCond_6m(60m),63805.06,Boya (Isla del Barón),37.70940,-0.78552,0
1664568551377,1664478000000,Mean_Turb_NTU(60m),1.541921,Boya (Isla del Barón),37.70940,-0.78552,0
1664572049613,1664481600000,WS_ms_Max(60m),4.65,Boya (Isla del Barón),37.70940,-0.78552,0
1664572049613,1664481600000,Air_Temp_HS_Avg(60m),23.04378,Boya (Isla del Barón),37.70940,-0.78552,0
1664572049613,1664481600000,RelHumidity_Avg(60m),44.72249,Boya (Isla del Barón),37.70940,-0.78552,0
1664572049613,1664481600000,WS3_Avg(60m),25.23459,Boya (Isla del Barón),37.70940,-0.78552,0
1664572049613,1664481600000,ThermTemp1_Avg(60m),24.11807,Boya (Isla del Barón),37.70940,-0.78552,0
1664572049613,1664481600000,Vapor_Pressure_Avg(60m),1.257609,Boya (Isla del Barón),37.70940,-0.78552,0
1664572049613,1664481600000,WS_ms_Avg(60m),2.692,Boya (Isla del Barón),37.70940,-0.78552,0
1664572049613,1664481600000,WS_ms_Std(60m),0.853,Boya (Isla del Barón),37.70940,-0.78552,0
1664572049613,1664481600000,WTemp_C1_Avg(60m),23.95696,Boya (Isla del Barón),37.70940,-0.78552,0
1664572049613,1664481600000,SDI_Temp_1m(60m),23.86,Boya (Isla del Barón),37.70940,-0.78552,0
1664572049614,1664481600000,ThermTemp2_Avg(60m),24.19941,Boya (Isla del Barón),37.70940,-0.78552,0
1664572049615,1664481600000,ThermTemp4_Avg(60m),24.1308,Boya (Isla del Barón),37.70940,-0.78552,0
1664572049615,1664481600000,ThermTemp5_Avg(60m),24.15284,Boya (Isla del Barón),37.70940,-0.78552,0
1664572049615,1664481600000,O2_sat1_Avg(60m),102.8325,Boya (Isla del Barón),37.70940,-0.78552,0
1664572049615,1664481600000,O2_sat2_Avg(60m),101.626,Boya (Isla del Barón),37.70940,-0.78552,0
1664572049615,1664481600000,O2_sat3_Avg(60m),102.3324,Boya (Isla del Barón),37.70940,-0.78552,0
1664572049615,1664481600000,SDI_Cond_1m(60m),62701.38,Boya (Isla del Barón),37.70940,-0.78552,0
1664572049615,1664481600000,WTemp_C2_Avg(60m),23.95148,Boya (Isla del Barón),37.70940,-0.78552,0
1664572049615,1664481600000,SDI_Temp_3m(60m),23.79,Boya (Isla del Barón),37.70940,-0.78552,0
1664572049615,1664481600000,ThermTemp6_Avg(60m),24.24226,Boya (Isla del Barón),37.70940,-0.78552,0
1664572049615,1664481600000,O2_conc1_Avg(60m),8.66312,Boya (Isla del Barón),37.70940,-0.78552,0
1664572049615,1664481600000,ThermTemp3_Avg(60m),24.20072,Boya (Isla del Barón),37.70940,-0.78552,0
1664572049615,1664481600000,SDI_Temp_6m(60m),23.81,Boya (Isla del Barón),37.70940,-0.78552,0
1664572049615,1664481600000,WTemp_C3_Avg(60m),23.97453,Boya (Isla del Barón),37.70940,-0.78552,0
1664572049615,1664481600000,O2_conc2_Avg(60m),8.562386,Boya (Isla del Barón),37.70940,-0.78552,0
1664572049615,1664481600000,O2_conc3_Avg(60m),8.618208,Boya (Isla del Barón),37.70940,-0.78552,0
1664572049615,1664481600000,SDI_Cond_3m(60m),62485.94,Boya (Isla del Barón),37.70940,-0.78552,0
1664572049616,1664481600000,SDI_TempCorrCond_6m(60m),64064.8,Boya (Isla del Barón),37.70940,-0.78552,0
1664572049616,1664481600000,SDI_Cond_6m(60m),62543.14,Boya (Isla del Barón),37.70940,-0.78552,0
1664572049616,1664481600000,SDI_TempCorrCond_1m(60m),64167.27,Boya (Isla del Barón),37.70940,-0.78552,0
1664572049616,1664481600000,Mean_Chl_ugl(60m),0.6281531,Boya (Isla del Barón),37.70940,-0.78552,0
1664572049616,1664481600000,Mean_Turb_NTU(60m),1.561064,Boya (Isla del Barón),37.70940,-0.78552,0
1664572049616,1664481600000,SDI_TempCorrCond_3m(60m),64037.44,Boya (Isla del Barón),37.70940,-0.78552,0
